english_name,account_id,naive_mape,moving_avg_mape,seasonal_naive_mape
 Bonuses - Employees,8503D,0.0,0.0,0.0
 NV Months Supply (Guide 2.5 months),6063DZ,11.355883460111903,8.916647993137792,8.98745493030584
 Taxes - Other,8403D,0.0,0.0,0.0
 UV Units Sold Per UV Sales Rep.,6076DZ,792299934444811.8,375299968947542.75,333599972397816.5
# of Productive Bays,50001SD,0.2962962962962963,0.3081275720164609,0.4212962962962963
# of Productive Bays,50001SDY,0.7551827801827801,0.6412945593501149,0.8197570947570948
# of Productive Bays ,50101SD,0.0,0.0,0.0
# of Productive Bays ,50101SDY,0.0,0.0,0.0
# of Working Days,50108SD,0.0,0.0,0.0
# of Working Days ,50008SD,0.060864914812283226,0.04901401933565676,0.1639346683206332
% Return on Operating Investment,6026DZ,4.028067876601285,4.8432824186914685,8.597033021329548
% Return on Sales (Before Income Tax),6025DZ,4.376774382522963,4.343165026825205,14.768955343917197
% Return on Sales (Before Income Tax),6036DZ,175973985439850.84,144837988016053.22,120095990063218.42
% of Labour Sales CP,6112DZ,2.5992106639430537,1.6761086399095817,1.382712239016192
% of Labour Sales CP,6130DZ,4.947912955880961,6.4871429128839795,2.0779922163429463
% of Labour Sales CP,6148DZ,2676305778561469.0,732251939413204.4,1.4600505416171543
% of Labour Sales CPO Warranty,6115DZ,0.0,0.0,0.0
% of Labour Sales CPO Warranty,6133DZ,0.0,0.0,0.0
% of Labour Sales CPO Warranty,6151DZ,0.0,0.0,0.0
% of Labour Sales DCP,6114DZ,0.0,0.0,0.0
% of Labour Sales DCP,6132DZ,0.0,0.0,0.0
% of Labour Sales DCP,6150DZ,0.0,0.0,0.0
% of Labour Sales Internal,6116DZ,4.799892410636908,3.5248078285536213,2.213468576159759
% of Labour Sales Internal,6134DZ,2.872734690639994,3.585391084920545,1.4417978794169641
% of Labour Sales Internal,6152DZ,2549537789050301.0,401153966808373.94,3.5206300443242697
% of Labour Sales Other,6117DZ,0.0,0.0,0.0
% of Labour Sales Other,6135DZ,0.0,0.0,0.0
% of Labour Sales Other,6153DZ,0.0,0.0,0.0
% of Labour Sales Warranty,6113DZ,2.52169303479521,1.5522819730330135,3.161082399506296
% of Labour Sales Warranty,6131DZ,7.210686255548414,11.043460257163646,2.0269435553028083
% of Labour Sales Warranty,6149DZ,470375961080921.75,499843958642727.8,5.813310277913506
"(
Cars
 )",1430CU,0.0,0.0,0.0
"(
Cars
 )",1440CU,0.0,0.0,0.0
"(
Cars
)",1430TU,0.0,0.0,0.0
"(
Cars
)",1450UU,0.8012221072003681,0.8278726708074534,1.7327984817115254
"(
Cars
)",1490UU,0.0,0.0,0.0
"(
Cars
)",1495UU,0.20885249393167324,0.2367433033081192,0.8044959552198776
"(
Cars
)",24000UU,0.23686216029264776,0.22588244898530688,0.9395881472112063
"(
Eclipse
Cross
)",1420QTU,0.6414402349042871,0.657863951790967,0.7257675573035051
"(
Out.
PHEV
)",1420PTU,0.38425972729670516,0.3884591148689703,0.7601981223378129
"(
Outlander
)",1420OTU,0.3901907879266014,0.38236567247711184,0.5507286716268622
"(
RVR
 )",1420RTU,0.857753409142298,1.3400538590353408,1.300743700743701
"(
SUVs
 )",1440TU,0.0,0.0,0.0
"(
SUVs
)",1450VV,3419399717077598.5,2529799790683426.5,3002399751580331.0
"(
SUVs
)",1490VV,0.0,0.0,0.0
"(
Trucks
)",1495VV,0.0,1084199910292897.1,1.609619866819455e+16
"(
Trucks
)",24000VV,3419399717077598.5,2529799790683426.5,3002399751580331.0
( Mirage ),1400MCU,1584599868889619.0,2335199806784702.0,1000799917193444.0
(Assets Line 50 minus Liabilities Line 27),800000D,0.11047364890780893,0.1250951489053649,0.3587955142078632
(Manufacturer Requirement),800001D,0.0,0.0,0.0
+ / -,6029DZ,5.442075616785729,7.1832581531724,5.55501707836809
0 - 3 Months ,50040ST,1.2574816649275622,1.4533159908034607,2.17986092643407
0 - 3 Months ,50045ST,0.18770913157780217,0.19712259737235638,0.35896891093945515
1 - 30 Days,50030ST,0.0,2001599834386887.0,1.8764998447377068e+16
1 - 30 Days,50035ST,0.5611726567592223,0.5005673933991592,0.5863343998716009
1 - 30 Days ,50020ST,0.4168161781226572,0.3374120090570077,0.4688774054716084
1 - 30 Days ,50025ST,0.3755746093028375,0.3249030821833864,0.5294323145544619
12+ Months ,50043ST,0.2621088242541124,0.19921616917300472,0.41038735825504113
12+ Months ,50048ST,0.16707628105118702,0.21391835771702877,0.3732666378843341
31 - 60 Days,50021ST,0.4756130522384393,0.41509088474029426,0.5670347573727347
31 - 60 Days,50026ST,0.4701507144118863,0.44483761676167943,0.6808724732226695
31 - 60 Days,50031ST,0.3555206599081061,0.2742285134325554,0.555670996885715
31 - 60 Days,50036ST,0.8847065798013625,0.873570903928898,1.0940118180224438
4 - 6 Months,50041ST,0.21736813744186761,0.648550919262825,2.712972173278164
4 - 6 Months,50046ST,0.6985188880097443,0.8480589504113824,1.0875616861822488
61 - 90 Days,50022ST,0.9078217266813758,0.8233257375070241,0.6593639223025188
61 - 90 Days,50027ST,0.9330371570237302,0.8687726115218706,0.7446274410284284
61 - 90 Days ,50032ST,0.5938351771685105,0.4968374218374218,1.2873897707231043
61 - 90 Days ,50037ST,1.031779538167493,0.9228390960335662,1.497310650980928
7 - 12 Months ,50042ST,0.13215539018137848,0.33085309270816815,2.374759789099111
7 - 12 Months ,50047ST,0.29240993041810487,0.3076339082633605,1.219920273641863
APR.,391DU,5504399544563940.0,7033399418053923.0,0.5488215488215489
APR.,392DU,0.0,0.0,0.0
APR.,395DU,4003199668773774.0,5115199576766490.0,0.6774193548387097
APR.,396DD,2.0209152727887204e+19,2.5822806263411425e+19,1.6171535073119354
APR.,396DU,0.0,0.0,0.0
AUG.,391HU,1.15091990477246e+16,1.7263798571586902e+16,0.27131287297527706
AUG.,392HU,0.0,0.0,0.0
AUG.,395HU,9507599213337714.0,1.426139882000657e+16,0.21071495944161478
AUG.,396HD,2.5972759451004244e+19,3.895913917650637e+19,0.3705058129613852
AUG.,396HU,0.0,0.0,0.0
Absentee Wages,8120D,0.42259676042881583,0.3570746374752769,0.44793306702505437
Absentee Wages,8121D,0.0,0.0,0.0
Absentee Wages,8122D,0.0,0.0,0.0
Absentee Wages,8123D,0.4482169181014095,0.35540008920890337,0.44950985524133724
Absentee Wages,8124D,0.5825862109653754,0.531463192110513,0.5612755203631719
Absentee Wages,8125D,0.0,0.0,0.0
Accounts Payable - Mitsubishi,2005D,2.8136279676788827,2.249136272391025,2.7200632078014855
Accounts Payable - Trade Creditors,2000D,0.12221809339004573,0.10805409173677408,0.3294659151785762
Active Customers,50107SD,0.0,0.0,0.0
Active Customers,50107SDY,0.0,0.0,0.0
Active Customers ,50007SD,1.6663332672634672,2.2333150946787086,9.085392565529638
Active Customers ,50007SDY,1.8759200893067316,2.605670441638381,2.191780605434033
Adjustment - Cost of Labour Sales Body Shop,6460G,0.0,0.0,0.0
Adjustment - Cost of Labour Sales Body Shop,6460U,0.0,0.0,0.0
Adjustment Cost of Labour Sales - Mechanical,6110G,0.0,0.0,0.0
Adjustment Cost of Labour Sales - Mechanical,6110U,0.0,0.0,0.0
Adjustments - Used Vehicles Inventory,4531G,0.0,0.0,0.0
Advertising (Institutional),8000D,0.580168627216284,0.47738958095298517,0.7055454651706472
Advertising (Institutional),8001D,0.5875609050069255,0.489907760362187,0.8481755934053437
Advertising (Institutional),8002D,1.276446874920892,0.9270288611684663,0.8712932706721349
Advertising (Institutional) ,8003D,1.3910032963578634,1.5145871270541453,2.2598872926872766
Advertising (Institutional) ,8004D,2.3766411691848175,2.812172515912996,5.3567184971291715
Advertising (Institutional) ,8005D,0.0,0.0,0.0
Advertising PNVR (Dealer Retail Sales),6061DZ,4.439666313226546,1.7765350296771178,1.5973520316088297
Advertising PNVR (Dealer Retail Sales),6067DZ,2.5262083143637883,1.8133255028591901,1.9574444243504618
Advertising PNVR (Dealer Retail Sales),6073DZ,2.9433108564693677e+17,6.219971485357252e+16,1.9722830516761407
Advertising PNVT (Dealer Target) ,6062DZ,0.0,0.0,0.0
Advertising PNVT (Dealer Target) ,6068DZ,0.0,0.0,0.0
Advertising PNVT (Dealer Target) ,6074DZ,0.0,0.0,0.0
Advisors,0976P,0.05555555555555555,0.08333333333333333,0.2777777777777778
Advisors,0983P,0.0,0.0,0.0
Advisors,0991P,0.0,0.0,0.0
Advisors,540P,0.05555555555555555,0.08333333333333333,0.2777777777777778
Advisors ,0965PZ,0.0,0.0,0.0
Allowance for Doubtful Accounts,2320D,0.0,0.0,0.0
Allowance for Doubtful Accounts,2320XD,0.0,0.0,0.0
Amortization - Leaseholds,8430D,0.0,0.0,0.0
Amortization - Leaseholds,8431D,0.0,0.0,0.0
Amortization - Leaseholds,8432D,0.0,0.0,0.0
Amortization - Leaseholds,8433D,0.0,0.0,0.0
Amortization - Leaseholds,8434D,0.0,0.0,0.0
Amortization - Leaseholds,8435D,0.0,0.0,0.0
Apprentices,0972PZ,0.0,0.0,0.0
Apprentices,0977P,0.0,0.0,0.018518518518518517
Apprentices,0985P,0.0,0.0,0.0
Apprentices,0993P,0.0,0.0,0.0
Apprentices,560P,0.0,0.0,0.018518518518518517
Avail. Work Bay Hrs. / Bay,50002SDZ,0.0,0.0,0.0
Avail. Work Bay Hrs. / Bay,50102SDZ,0.0,0.0,0.0
Avail. Work Bay Hrs. / Bay,6154DZ,0.0,0.0,0.0
Avail. Work Bay Hrs. / Bay,6155DZ,0.0,0.0,0.0
Avail. Work Bay Hrs. / Bay,6158DZ,0.0,0.0,0.0
Avg. Cost UV Mit. CPO Retailed,6082DZ,0.018518518518518517,0.018518518518518517,0.018518518518518517
Avg. Cost UV Mit. CPO Retailed,6090DZ,0.018518518518518517,0.018518518518518517,0.018518518518518517
Avg. Cost UV Mit. CPO Retailed,6098DZ,0.0,0.0,0.0
Avg. Cost UV Mit. CPO in Inventory ,6083DZ,0.0,0.0,0.0
Avg. Technician Wage,50012SD,736421939068196.2,2358273804875577.5,230183980954500.38
Avg. Technician Wage,50012SDY,0.6959478108869915,0.9147287637167943,0.6709835654693062
Avg. Technician Wage,50112SD,0.0,0.0,0.0
Avg. Technician Wage,50112SDY,0.0,0.0,0.0
BONUSES OWNERS,8510D,2752199772281971.0,639399947099545.5,3252599730889417.0
Bad Debts,8250D,0.0,0.0,0.0
Bad Debts,8251D,0.0,0.0,0.0
Bad Debts,8252D,0.0,0.0,0.0
Bad Debts,8253D,0.0,0.0,0.0
Bad Debts,8254D,0.0,0.0,0.0
Bad Debts,8255D,0.0,0.0,0.0
Bank Overdraft,2015D,0.0,0.0,0.0
Bay Utilization %,6108DZ,0.0,0.0,0.0
Bay Utilization %,6126DZ,0.0,0.0,0.0
Bay Utilization %,6144DZ,0.0,0.0,0.0
Bldgs. & Improv.,1770D,0.05347708473317731,0.07935103425331315,0.31221657993453555
Bldgs. & Improv.,1780D,0.03573261483192199,0.053598922247882985,0.38934865335582747
Body P&A RO,5210G,0.0,0.0,0.0
Body P&A RO,5210S,0.0,0.0,0.0
Body P&A RO,5210U,0.0,0.0,0.0
Body Shop,M17000ED,0.0,0.0,4003199668773774.0
Body Shop,M18000ED,0.0,0.0,4003199668773774.0
Body Shop ,M46000XG,0.0,0.0,0.0
Body Shop Materials,1530D,0.0,0.0,4.678739612879349e+16
Body Shop Materials,5450G,0.0,0.0,0.0
Body Shop Materials,5450S,0.0,0.0,0.0
Body Shop Materials,5450U,0.0,0.0,0.0
Bonuses - Employees,8500D,0.0,0.0,0.0
Bonuses - Employees,8501D,0.0,0.0,0.0
Bonuses - Employees,8502D,0.0,0.0,0.0
Bonuses - Employees,8504D,0.0,0.0,0.0
Bonuses - Employees,8505D,0.0,0.0,0.0
Break Even New & Used Units ,6034DZ,2.242349683035968,1.2865850109678398,2.0248502291379804
Break Even New & Used Units ,6045DZ,0.3185668819173319,0.3025069015623118,0.4282851170357365
"Buildings & 
Improvements",11770D,0.06765573560160364,0.10037428873893789,0.33797881535651414
CP Effective Rate,6106DZ,200.76763806650976,131.15360906551697,1578.2858032413121
CP Effective Rate,6124DZ,291.21356107617123,245.1022812185004,800.8237910270209
CP Effective Rate,6142DZ,849845929683438.9,622719948475929.0,265.1358323881411
CP Effective Rate as a % of Posted Rate,6107DZ,341.0606516991912,181.95989008160112,1742.1952811392348
CP Effective Rate as a % of Posted Rate,6125DZ,206.0570076600611,188.45800589904775,682.8850692036074
CP Effective Rate as a % of Posted Rate,6143DZ,622163948521931.5,460367961908995.6,375.225011720853
CP Labour Sales per RO,6103DZ,2.6730605835033554,2.033804983289024,1.3976271844860257
CP Labour Sales per RO,6121DZ,7.077804196768471,7.0224200237466885,2.3211083413061697
CP Labour Sales per RO,6139DZ,8243255317949998.0,2595963785208994.0,1.618745805207951
CP Labour Sales per Technician,6102DZ,2.4276377516971497,1.2520282513534848,1.1711677130846636
CP Labour Sales per Technician,6120DZ,0.7143450290745074,0.6175182101141288,0.45726354816705794
CP Labour Sales per Technician,6138DZ,2.4786619729145887e+18,6.627922551603228e+17,0.8855843279408735
CP Pts. : CP Labour Sls. (Inc. Tires),6003DZ,2.474623046870321,1.6161874835941499,3.981989350610072
CP Pts. : CP Labour Sls. (Inc. Tires),6012DZ,23351998067849.0,46147996181699.98,35027997101772.02
CP Pts. : CP Labour Sls. (Inc. Tires),6019DZ,15845998688898.684,8895999263943.035,4.743648286764236
CP RO Count,6104DZ,3.8734889677923903,1.9646570239336896,1.4088343890715942
CP RO Count,6122DZ,0.4100027202307086,0.3585063426730757,0.11317769135429875
CP RO Count,6140DZ,2.0006824344627932e+16,4432153633281965.5,1.0422400429382062
CPO P&A RO,5216G,0.0,0.0,0.0
CPO P&A RO,5216S,0.0,0.0,0.0
CPO P&A RO,5216U,0.0,0.0,0.0
CPO Warranty Labour - MITSUBISHI,5011G,0.0,0.0,0.0
CPO Warranty Labour - MITSUBISHI,5011S,0.0,0.0,0.0
CPO Warranty Labour - MITSUBISHI,5011U,0.0,0.0,0.0
Capacity - Bay Hours Avail,50005SD,0.0,0.0,0.0
Capacity - Bay Hours Avail.,50105SD,0.0,0.0,0.0
Cash Discount / Interest Earned,9020D,4753799606668857.0,4753799606668857.0,0.05555555555555555
Cash Discount / Interest Paid,9030D,0.0,0.0,0.0
Cash in Bank,1010D,0.45633894785839185,0.5209639515672339,1.1649325596226763
Cash in Bank - Trust Account(s),1004D,0.0,0.0,0.0
Certified Pre-Owned Vehicles - Mitsubishi,2112D,0.0,0.0,0.0
Certified Program Vehicles - Mitsubishi,1490D,0.0,0.0,0.0
Charitable Donations,8340D,0.0,0.0,1.2910318931795422e+17
Charitable Donations,8341D,0.0,0.0,4.528619625300332e+16
Charitable Donations,8342D,0.0,0.0,1.9265398405973788e+16
Charitable Donations,8343D,0.0,0.0,4.528619625300332e+16
Charitable Donations,8344D,0.0,0.0,1.9265398405973788e+16
Charitable Donations,8345D,0.0,0.0,0.0
Chemical / Other Income (CPO),3704G,0.018518518518518517,7.232447401584618e+17,1.0848671102376928e+18
Chemical / Other Income (CPO),3704S,0.018518518518518517,1.0329923145298327e+18,1.549488471794749e+18
Chemical / Other Income (CPO),3704U,0.018518518518518517,1167599903392351.0,1751399855088526.2
Chemical / Other Income (Non CPO),3630G,1.8898438436336195e+18,2.0992334263086477e+18,6.393193271024817e+18
Chemical / Other Income (Non CPO),3630S,2.5165947917760133e+18,2.689232777491882e+18,8.698285680300617e+18
Chemical / Other Income (Non CPO),3630U,1417799882690712.5,1779199852788344.5,6922199427254652.0
Chemical / Other Income (Other Makes),3708G,0.0,0.0,0.0
Chemical / Other Income (Other Makes),3708S,0.0,0.0,0.0
Chemical / Other Income (Other Makes),3708U,0.0,0.0,0.0
Chemical Sales - New,3280G,0.8349851218369015,1.1111772862125635,2.649636450071198
Chemical Sales - New,3280S,0.6646112903513487,0.8570100969781729,1.8872492821498008
Chemical Sales - New,3280U,0.45507000564190103,0.5398608341146468,1.1517924885571944
Clerical / Other,0964P,0.25925925925925924,0.4125514403292181,1.0833333333333333
Clerical / Other,0971P,0.05555555555555555,0.08333333333333333,0.2777777777777778
Clerical / Other,0979P,0.0,0.037037037037037035,0.36419753086419754
Clerical / Other,0986P,0.0,0.0,0.0
Clerical / Other,0994P,0.0,0.0,0.0
Clerical / Other,570P,0.06139770723104056,0.10820840681951793,0.3626543209876544
Co. Veh.,11850D,0.04775828460038986,0.07163742690058479,0.42965713534005423
Common Stock,2501D,0.0,0.0,0.0
Company Vehicle Expense,8660D,1.962401837630144e+17,1.7483418553415462e+17,0.7465745141722426
Company Vehicle Expense,8661D,7.869623348864445e+17,6.242767483471101e+17,0.5368399410667688
Company Vehicle Expense,8662D,1.2276478984239574e+17,1.4222478823226826e+17,2.001599834386887e+16
Company Vehicle Expense,8663D,2.7180057751111942e+17,2.0788838279923808e+17,0.710982218451275
Company Vehicle Expense,8664D,4.670399613569403e+16,5.156899573316216e+16,2251799813685248.5
Company Vehicle Expense,8665D,0.0,0.0,0.0
Company Vehicles,1850D,0.0,0.0,0.0
Company Vehicles,1860D,0.0017528797309866208,0.002629319596479931,0.01894140588787753
Compensation - Clerical,8100D,0.5907505649836073,0.4817838032512019,0.34883625825005077
Compensation - Clerical,8101D,0.5806697520956472,0.49398119135163854,0.44159045929954904
Compensation - Clerical,8102D,0.4566435763416441,0.37385648112636294,0.3872507647321901
Compensation - Clerical,8103D,0.5840451012619006,0.4895558140174716,0.5183213470953855
Compensation - Clerical,8104D,0.49522447972090533,0.40424889391337715,0.4066604380765415
Compensation - Clerical,8105D,0.0,0.0,0.0
Compensation - Finance,8040D,0.0,0.0,5.77461552220617e+17
Compensation - Finance,8041D,0.0,0.0,5.77461552220617e+17
Compensation - Finance,8042D,0.0,0.0,0.0
Compensation - Insurance,8640D,0.0,0.0,0.0
Compensation - Insurance,8641D,0.0,0.0,0.0
Compensation - Insurance,8642D,0.0,0.0,0.0
Compensation - Other Supervisor,8170D,1.5147940746653763e+18,1.825820448930939e+18,2.4006688013677727e+18
Compensation - Other Supervisor,8171D,0.0,0.0,0.0
Compensation - Other Supervisor,8172D,0.0,0.0,0.0
Compensation - Other Supervisor,8173D,1.3324816897499704e+18,1.5827372690437312e+18,2.4006688013677727e+18
Compensation - Other Supervisor,8174D,5.469371547462169e+17,5.469371547462169e+17,5.469371547462169e+17
Compensation - Other Supervisor,8175D,0.0,0.0,0.0
Compensation - Owner,8080D,0.47331508091803187,0.36946715673664915,0.5034315987242892
Compensation - Owner,8081D,0.47330003645237834,0.36945131294983447,0.5034023437026022
Compensation - Owner,8082D,0.47340663857097276,0.369512088572102,0.5034556072857986
Compensation - Owner,8083D,0.47330003645237834,0.36945131294983447,0.5034404476501712
Compensation - Owner,8084D,0.47340663857097276,0.369512088572102,0.5034556072857986
Compensation - Owner,8085D,0.0,0.0,0.0
Compensation - Sales,8020D,0.31051599926787365,0.26918384734818424,0.3315412630696803
Compensation - Sales,8021D,0.2870981711834339,0.26904002338852395,0.32329523545123284
Compensation - Sales,8022D,0.41685176659751744,0.3305114515839429,0.49150713589990375
Compensation - Service Contracts,8620D,0.0,0.0,0.0
Compensation - Service Contracts,8621D,0.0,0.0,0.0
Compensation - Service Contracts,8622D,0.0,0.0,0.0
Compensation - Supervisors,8090D,0.30756725262197615,0.2695543298124756,0.20805481203865084
Compensation - Supervisors,8091D,0.4477682324301047,0.3539954011419717,0.4692924245651658
Compensation - Supervisors,8092D,0.4219627093588696,0.3307458919156834,0.3549249855549219
Compensation - Supervisors,8093D,0.45414092406662565,0.39084175241863156,0.37466148309396363
Compensation - Supervisors,8094D,0.49965918338400805,0.3939892227652609,0.459839550844896
Compensation - Supervisors,8095D,0.0,0.0,0.0
Contracts in Transit,1020D,0.41339604193655444,0.3245575412843806,0.5138862421590777
Current Portion of Long Term Debt,2130D,2.501999792983609e+19,2.501999792983609e+19,0.05555555555555555
Customer Body Shop Labour,5400G,0.0,0.0,0.0
Customer Body Shop Labour,5400S,0.0,0.0,0.0
Customer Body Shop Labour,5400U,0.0,0.0,0.0
Customer Deposits,2010D,4.628699617019677e+18,7.11791141106137e+18,2.0281210321925132e+19
Customer Labour Rate,5000D,0.0053639846743295016,0.014487200844022441,0.09887278582930757
Customer Labour Rate,5001D,0.0,0.0,0.0
Customer Mechanical Labour - MITSUBISHI,5000G,0.4554650506254478,0.4003600228091446,0.18622975359885832
Customer Mechanical Labour - MITSUBISHI,5000S,0.4459377696755253,0.3906992499116091,0.17678756822053832
Customer Mechanical Labour - MITSUBISHI,5000U,0.4100027202307086,0.3585063426730757,0.11317769135429875
Customer Pay Hours Sold,50013SD,21.940244231632285,29.055048600249425,11.079548115230482
DCP P&A RO,5215G,0.0,0.0,0.0
DCP P&A RO,5215S,0.0,0.0,0.0
DCP P&A RO,5215U,0.0,0.0,0.0
DCP Service Contracts - New,3381G,0.0,0.0,0.0
DCP Service Contracts - New,3381S,0.0,0.0,0.0
DCP Service Contracts - New,3381U,0.0,0.0,0.0
DCP Warranty Labour - MITSUBISHI,5010G,0.0,0.0,0.0
DCP Warranty Labour - MITSUBISHI,5010S,0.0,0.0,0.0
DCP Warranty Labour - MITSUBISHI,5010U,0.0,0.0,0.0
DEC.,391LU,2251799813685248.0,2251799813685248.0,0.0
DEC.,392LU,0.0,0.0,0.0
DEC.,395LU,3252599730878691.5,3252599730878691.5,0.02136752136752137
DEC.,396LD,2.9918913524497997e+18,2.9918913524497997e+18,0.03894649792793295
DEC.,396LU,0.0,0.0,0.0
"DEPARTMENTAL OPERATING PROFIT (LINE 2 MINUS 64)
",18000D,2.8511782303367914,3.2715274666246175,5.163087927090384
DEPARTMENTAL OPERATING PROFIT (LINE 2 MINUS 64) ,18000AD,2.0217678595571,1.8866816471293366,3.2995952765373544
DEPARTMENTAL OPERATING PROFIT (LINE 2 MINUS 64) ,18000BD,1.8318391987154792,1.5803947172733093,1.5483615911172115
DEPT'L OPERATING PROFIT (LINE 2 MINUS 64),18000CD,5.162894902993636,4.759259352998989,4.477501074460952
DEPT'L OPERATING PROFIT (LINE 2 MINUS 64),18000DD,6.353934963489432,7.556923804398249,4.053777613928982
DEPT'L OPERATING PROFIT (LINE 2 MINUS 64),18000ED,0.0,0.0,4003199668773774.0
DISCONTINUED MODELS,3099G,0.0,0.0,0.0
DISCONTINUED MODELS,3099S,0.0,0.0,0.0
DISCONTINUED MODELS,3099U,0.0,0.0,0.0
Data Processing,8270D,0.5268455837063928,0.29217894054261817,0.6007718954823118
Data Processing,8271D,0.655634841518528,0.3841323883328327,0.5841376877194686
Data Processing,8272D,0.5828902083081241,0.34443359964837933,0.6507735334300858
Data Processing,8273D,0.46083619039685986,0.2337628244791748,0.618580002450053
Data Processing,8274D,0.6609617639119947,0.41848733572176955,0.6197388769635234
Data Processing,8275D,0.0,0.0,0.0
Dealer Advertising Allowance,8030D,3.384788719941326e+18,2.859869163373364e+18,7.703657362596531e+17
Dealer Advertising Allowance,8031D,3.384788719941326e+18,2.859869163373364e+18,7.703657362596531e+17
Dealer Advertising Expense,8010D,1.7972698512932256e+17,2.0113298335818234e+17,9.187343239835812e+17
Dealer Advertising Expense,8011D,7.59857337129122e+17,4.3682136385723834e+17,7.5710513735684e+17
Dealer Advertising Expense,8012D,3.0732897457148666e+17,6.895511429462826e+17,5.136605574995349e+17
Delivery Expense,8060D,0.9521953488824884,0.727533694688222,0.6923716572974667
Delivery Expense,8061D,1.7679891206826877,1.5752708590372344,1.3965895836446256
Delivery Expense,8062D,34.21947109104312,16.54728910929913,2.916888549065089
Delivery Expense,8063D,4.847207598940245e+17,5.545265541182672e+17,2.70941557582195e+18
Delivery Expense,8064D,2.8864737611720896e+17,3.134449740654466e+17,1.4211358824146898e+18
Delivery Expense,8065D,0.0,0.0,0.0
Demo Expense,8190D,2.970707754202538e+17,2.5209037914194848e+17,1250999896491817.0
Demo Expense,8191D,2.2618078128571824e+17,1.932655840091339e+17,10.638285647750141
Demo Expense,8192D,6.169097489566584e+17,7.353933391532823e+17,2.1967558182396086e+17
Demonstrators,1440D,0.0,0.0,0.0
Depreciation - Bldgs. & Improvements,8453D,0.0,0.0,0.0
Depreciation - Bldgs. & Improvements,8454D,0.0,0.0,0.0
Depreciation - Bldgs. & Improvements,8455D,0.0,0.0,0.0
Depreciation - Buildings & Improvements,8450D,0.0,0.0,0.0
Depreciation - Buildings & Improvements,8451D,0.0,0.0,0.0
Depreciation - Buildings & Improvements,8452D,0.0,0.0,0.0
Depreciation - Other,8230D,0.0,3.050855147571113e+18,1.830513088542668e+19
Depreciation - Other,8231D,0.0,3.050855147571113e+18,1.830513088542668e+19
Depreciation - Other,8232D,0.0,0.0,0.0
Depreciation - Other ,8233D,0.0,0.0,0.0
Depreciation - Other ,8234D,0.0,0.0,0.0
Depreciation - Other ,8235D,0.0,0.0,0.0
Depreciation of Lease & Rental Units,1710D,0.0,0.0,0.0
Detailing,5020G,0.0,0.0,0.0
Detailing,5020S,0.0,0.0,0.0
Detailing,5020U,0.0,0.0,0.0
Dividends,2540D,0.0,0.0,0.0
Documentary Fees,9073D,0.0,0.0,0.0
Documentary Fees,9273D,0.0,0.0,0.0
Drawings,2560D,0.0,0.0,0.0
Eclipse Cross,3028G,2.897982960219815e+18,2.7254839744924447e+18,3.019913750131216e+18
Eclipse Cross,3028S,6.183775888352088e+19,5.355497196884175e+19,7.676110344875783e+19
Eclipse Cross,3028U,1667999861989073.0,1445599880390529.8,2001599834386887.0
Efficiency (Guide 110 - 125%),50114SDZ,0.0,0.0,0.0
Efficiency (Guide 110 - 125%),6110DZ,633.1446472495093,489.6777852551608,6.640526445176401
Efficiency (Guide 110 - 125%),6128DZ,38.26524520807734,21.42800378672656,16.948576881590455
Efficiency (Guide 110 - 125%),6164DZ,0.0,0.0,0.0
Employee Benefits,8160D,1.5428385684956958,1.7955197550735633,1.019972031580348
Employee Benefits,8161D,1.4366039182740773,1.5074076021699454,1.3107615353544608
Employee Benefits,8162D,1.929324105784338,2.114868219061067,1.329564439363951
Employee Benefits,8163D,1.7220155352837248,2.149437167631953,0.7915147179495015
Employee Benefits,8164D,1.663762114267663,1.935641148780305,1.3652105259465093
Employee Benefits,8165D,0.0,0.0,0.0
Employee Bonuses Payable,2270D,1.4986978759971817e+18,2.0981770263960545e+18,5.545182141189572e+18
Equip. M/S,11790D,0.053281194683734455,0.07875661296759778,0.16499371317236142
Equip. M/S,1790D,0.021133591409238456,0.031214188346238545,0.11894614955935728
Equip. M/S,1800D,0.013541051803131235,0.020311577704696854,0.1341238562228742
Equip. P/A,11810D,0.03572916430718832,0.05456926029409871,0.14522999666231173
Equip. P/A,1810D,0.003955229985704323,0.006328367977126916,0.02768660989993026
Equip. P/A,1820D,0.012713990966374841,0.01907098644956226,0.12404753460924617
Equipment - Repairs & Rental,8240D,6.0548394990203336e+16,2.3668918041624938e+17,1.1200619073256623e+18
Equipment - Repairs & Rental,8241D,0.0,4.703759610809185e+16,2.8122477673135763e+17
Equipment - Repairs & Rental,8242D,0.0,2.018279833006778e+16,1.2059639002180995e+17
Equipment - Repairs & Rental,8243D,0.0,8.873759265781867e+16,4.1057816602861024e+17
Equipment - Repairs & Rental,8244D,6.0548394990203336e+16,8.073119332027112e+16,3.076625745438845e+17
Equipment - Repairs & Rental,8245D,0.0,0.0,0.0
F & I Sales Reps.,0970P,0.0,0.0,0.0
F & I Sales Reps.,530P,0.05555555555555555,0.08333333333333333,0.19444444444444445
F&I Sales Reps,0963P,0.05555555555555555,0.08333333333333333,0.19444444444444445
FEB.,391BU,2752199772281970.0,2752199772281970.0,0.27849927849927847
FEB.,392BU,0.0,0.0,9757799192636074.0
FEB.,395BU,2251799813685248.0,2251799813685248.0,0.5244539411206077
FEB.,396BD,1.4921926765354243e+18,1.4921926765354243e+18,3.5525775600889347
FEB.,396BU,0.0,0.0,0.0
Finance / Insur. Income Receivable - Deferred,1960D,0.0,0.0,0.0
Finance / Insurance / Service Contracts,1130DD,0.0,0.0,1.2509998964918045e+17
Finance / Insurance / Service Contracts,1130ED,0.0,0.0,0.0
Finance / Insurance / Service Contracts,1130FD,0.0,0.0,0.0
Finance / Insurance Income Rec. - Current,1130AD,6.030653501021491e+17,4.0554636644494317e+17,7.428437385368335e+17
Finance / Insurance Income Rec. - Current,1130BD,6.030653501021491e+17,4.0554636644494317e+17,7.428437385368335e+17
Finance / Insurance Income Rec. - Current,1130CD,0.0,0.0,6.254999482459022e+17
Finance / Insurance Income Rec. - Current,1130D,6.030653501021491e+17,4.0554636644494317e+17,7.428437385368335e+17
Finance Income (CPO),3701G,0.0,1.1645975036407706e+18,1.7468962554611558e+18
Finance Income (CPO),3701S,0.0,1.1645975036407706e+18,1.7468962554611558e+18
Finance Income (CPO),3701U,0.0,833999930994536.4,1250999896491804.5
Finance Income (Non CPO),3707G,1.3230574905297324e+18,2.0331806317738803e+18,8.046431334235287e+18
Finance Income (Non CPO),3707S,1.3230574905297324e+18,2.0331806317738803e+18,8.916877062214283e+18
Finance Income (Non CPO),3707U,2084999827486341.0,2891199760781059.0,7756199358249188.0
Finance Income (Other Makes),3710G,0.0,0.0,2.9490237559966803e+17
Finance Income (Other Makes),3710S,0.0,0.0,2.9490237559966803e+17
Finance Income (Other Makes),3710U,0.0,0.0,166799986198907.25
Finance Income - New,3310G,5.3492755573989555e+17,8.106479329266892e+17,5.917229510406235e+17
Finance Income - New,3310S,5.3492755573989555e+17,8.106479329266892e+17,5.917229510406235e+17
Finance Income - New,3310U,1167599903392351.0,1501199875790165.8,1000799917193445.4
Fixed Oper. Advert. Co-Op Credit,8720D,0.0,0.0,0.0
Fixed Oper. Advertising / Promotion,8223D,3.2609397301886372e+16,3.2609397301886372e+16,3.38270372011384e+17
Fixed Oper. Advertising / Promotion,8224D,5754599523862300.0,5754599523862300.0,1.5512398716498374e+17
Fixed Oper. Advertising / Promotion,8225D,0.0,0.0,0.0
Fixed Oper. Advertising Co-Op Credit ,8723D,0.0,0.0,0.0
Fixed Oper. Advertising Co-Op Credit ,8724D,0.0,0.0,0.0
Fixed Oper. Advertising Co-Op Credit ,8725D,0.0,0.0,0.0
Fixed Operations Advertising / Promotion,8220D,3.644579698446123e+16,3.644579698446124e+16,4.3926776365482234e+17
Floor Plan Credits,8700D,0.8268904578674036,0.6904761119171797,0.6945190630609761
Floor Plan Credits,8701D,0.8268904578674036,0.6904761119171797,0.6945190630609761
Floor Plan Interest,8050D,0.18933284314329044,0.22010260215520563,0.6406763239549083
Floor Plan Interest,8051D,0.22618323271645815,0.26149014723219594,0.7105413174512014
Floor Plan Interest,8052D,0.2544901533683962,0.2880263244583728,0.4745846098232638
Freight & Express,8330D,1.2451618969748427e+17,1.1792759024262744e+17,1.866491845565772e+17
Freight & Express,8331D,0.0,0.0,5.929739509371153e+16
Freight & Express,8332D,0.0,0.0,2.527019790913445e+16
Freight & Express,8333D,0.0,0.0,5.929739509371153e+16
Freight & Express,8334D,1.2451618969748427e+17,1.1792759024262744e+17,4.278419646001971e+16
Freight & Express,8335D,0.0,0.0,0.0
"Furniture & 
Fixtures",11830D,0.03027039598667412,0.046902574374099254,0.1491431345704154
Furnitures & Fixtures,1830D,0.0044847812190597965,0.0074817406473040625,0.034092696568671414
Furnitures & Fixtures,1840D,0.017511956678540122,0.02626793501781018,0.18671161828454352
Gain on Disposal of Assets,9050D,0.0,0.0,0.0
"Gas, Oil & Grease",5280G,1.4678398785503838e+16,2.271259812075121e+16,4586999620469950.0
"Gas, Oil & Grease",5280S,4.7371196080489656e+16,6.4885194631374936e+16,3.761339688785358e+16
"Gas, Oil & Grease",5280U,0.0,0.0,0.0
"Gas, Oil, & Grease",1520D,0.04531999047982643,0.29460759350247656,1.9138326069532319
Goods and Service Tax (GST) / Harmonized Sales Tax (HST),22421150D,4.215863768114486,5.0849144508087,3.8686173167265423
Goodwill Policy,8070D,0.7915751497456602,0.5471840830657096,1.0496933311921275
Goodwill Policy,8071D,0.0,0.0,0.0
Goodwill Policy,8072D,0.0,0.0,0.0
Goodwill Policy,8073D,0.847900004975665,0.6113336112737849,0.9569158517493734
Goodwill Policy,8074D,2.484485794432724e+17,2.4967177934206435e+17,7.122359410693339e+16
Goodwill Policy,8075D,0.0,0.0,0.0
Gross Stock Turn,6001DZ,3.608698054211418,1.5918278802523265,2.9404810436908972
Gross Stock Turn,6010DZ,3.1376806666047403,2.654133672076751,3.300606956375555
Gross Stock Turn,6017DZ,414497965704288.4,141501988292074.84,20015998343870.664
Guide,6028DZ,0.0,0.0,0.0
Heat - Light - Power - Water,8490D,1.5808168048775828,1.4370189858947564,0.9698056971871054
Heat - Light - Power - Water,8491D,1.641412410491832,1.4919065951839987,1.0188027297460032
Heat - Light - Power - Water,8492D,1.5688588753247072,1.436418768584327,0.95827123899241
Heat - Light - Power - Water,8493D,1.5645714594400468,1.4320464829828594,0.9556038968585234
Heat - Light - Power - Water,8494D,1.5688588753247072,1.436418768584327,0.95827123899241
Heat - Light - Power - Water,8495D,0.0,0.0,0.0
Hired YTD,560TP,0.0,0.0,0.0
Hired YTD ,560AP,0.0,0.0,0.0
Hired YTD ,560BP,0.0,0.0,0.0
Hired YTD ,560CP,0.0,0.0,0.0
Hired YTD ,560DP,0.0,0.0,0.0
Hired YTD ,560EP,0.0,0.0,0.0
Hours Available,50009SD,6.499355457245809,6.770535643964006,2.8208410082445172
Hours Available ,50109SD,0.0,0.0,0.0
Hours Clocked ,50010SD,8.912187750328986,7.3772515040328095,1.7982046974541994
Hours Clocked ,50110SD,0.0,0.0,0.0
Hours Sold,50011SD,12.135452719987718,15.530533044725022,5.255828208900752
Hours Sold ,50111SD,0.0,0.0,0.0
Hours Sold per Technician,6101DZ,28.175656879615943,35.659130140935915,30.153008406394278
Hours Sold per Technician,6119DZ,13.922113200470788,19.418595160500967,7.847768010770358
Hours Sold per Technician,6137DZ,3.492307991045141e+18,1.7389460121189617e+18,29.740490749121406
Hours per CP RO,6105DZ,2.56425899729253,1.9424712660182888,1.3344686831744559
Hours per CP RO,6123DZ,5837999516967.129,1667999861995.2864,5837999516963.983
Hours per CP RO,6141DZ,5707895527726608.0,1812559850028126.8,1.6970144790488686
INCOME TAX,8520D,0.0,0.0,0.0
Income Tax,8520DD,0.0,0.0,0.0
Insurance - Buildings & Improvements,8470D,1.5341428730644493e+18,1.4898574767286395e+18,0.28891640450291795
Insurance - Buildings & Improvements,8471D,5.369291555742825e+17,5.2144455685548397e+17,0.295054487633175
Insurance - Buildings & Improvements,8472D,2.3010058096139258e+17,2.234563815111361e+17,0.27466687477987695
Insurance - Buildings & Improvements,8473D,4.912259593557819e+17,4.757413606369833e+17,0.32319223524893737
Insurance - Buildings & Improvements,8474D,2.7588717717299264e+17,2.6921517772503632e+17,0.32809164180377587
Insurance - Buildings & Improvements,8475D,0.0,0.0,0.0
Insurance - Other,8390D,0.0,0.0,0.0
Insurance - Other,8391D,0.0,0.0,0.0
Insurance - Other,8392D,0.0,0.0,0.0
Insurance - Other,8393D,0.0,0.0,0.0
Insurance - Other,8394D,0.0,0.0,0.0
Insurance - Other,8395D,0.0,0.0,0.0
Insurance Income (CPO),3702G,0.0,0.0,0.0
Insurance Income (CPO),3702S,0.0,0.0,0.0
Insurance Income (CPO),3702U,0.0,0.0,0.0
Insurance Income (Non CPO),3706G,0.0,0.0,0.0
Insurance Income (Non CPO),3706S,0.0,0.0,0.0
Insurance Income (Non CPO),3706U,0.0,0.0,0.0
Insurance Income (Other Makes),3713G,0.0,0.0,5.7562675237242906e+17
Insurance Income (Other Makes),3713S,0.0,0.0,6.943883425460508e+17
Insurance Income (Other Makes),3713U,0.0,0.0,500399958596721.75
Insurance Income - New,3341G,9.945449177109846e+17,3.899227677376455e+17,1.1004629089472908e+18
Insurance Income - New,3341S,1.4069578835877827e+18,5.494669545369003e+17,1.5473200719741635e+18
Insurance Income - New,3341U,500399958596721.9,194599983898725.25,833999930994536.2
Insurance Payable,2220D,0.0,0.0,0.0
Interest - Real Estate - Mortgage,8480D,0.0,0.0,0.0
Interest - Real Estate - Mortgage,8481D,0.0,0.0,0.0
Interest - Real Estate - Mortgage,8482D,0.0,0.0,0.0
Interest - Real Estate - Mortgage,8483D,0.0,0.0,0.0
Interest - Real Estate - Mortgage,8484D,0.0,0.0,0.0
Interest - Real Estate - Mortgage,8485D,0.0,0.0,0.0
Interest Payable,2200D,0.0,0.0,7.501495779323457e+18
Internal Body Shop Labour,5430G,0.0,0.0,0.0
Internal Body Shop Labour,5430S,0.0,0.0,0.0
Internal Body Shop Labour,5430U,0.0,0.0,0.0
Internal Hours Sold ,50015SD,7.835952844189616,11.43037776866911,8.393441278153482
Internal Labour Rate,5080D,0.012345679012345678,0.020833333333333332,0.09593621399176955
Internal Labour Rate,5081D,0.0,0.0,0.0
Internal Mechanical Labour,5080G,0.3458717711869617,0.3144036906822578,0.4913008545993448
Internal Mechanical Labour,5080S,0.31870597948731355,0.29226679260687416,0.48272217765480147
Internal Mechanical Labour,5080U,0.25797241625449674,0.23484387922843217,0.3448454303537807
Internal Mechanical Labour,5200S,0.5049795801055057,0.504365426630297,0.34931228824264515
Internal P&A RO,5261G,0.374302468013797,0.3307822410848582,0.37926280360160114
Internal P&A RO,5261S,0.4063850838870907,0.3339491349569925,0.3904519946203996
Internal P&A RO,5261U,0.0,0.0,0.0
Investments,2550D,0.0,0.0,0.0
JAN.,391AU,0.03508771929824561,0.05263157894736842,0.4831309041835357
JAN.,392AU,0.0,0.0,0.0
JAN.,395AU,0.05847953216374269,0.08771929824561403,0.4405458089668616
JAN.,396AD,0.11453742204680196,0.10901466984538938,1.3114620803587336
JAN.,396AU,0.0,0.0,2001599834386887.0
JUL.,391GU,1.0007999171934436e+16,1.5011998757901654e+16,0.31896551724137934
JUL.,392GU,0.0,0.0,0.0
JUL.,395GU,8006399337547548.0,1.2009599006321322e+16,0.20643939393939392
JUL.,396GD,2.5206146714434073e+19,3.780922007165111e+19,1.0013593812655432
JUL.,396GU,0.0,0.0,0.0
JUN.,391FU,6004799503160661.0,9007199254740992.0,0.2546296296296296
JUN.,392FU,0.0,0.0,0.0
JUN.,395FU,6004799503160661.0,9007199254740992.0,0.13425925925925924
JUN.,396FD,1.746395855502559e+19,2.6195937832538386e+19,0.8122570148316854
JUN.,396FU,0.0,0.0,3502799710177052.5
Land - Auto Bus Only,11750D,0.0,0.0,0.0
Land - Auto Bus Only,1750D,0.0,0.0,0.0
Laundry & Uniforms,8150D,0.6168105721584628,0.5909621755558729,0.7371844767066635
Laundry & Uniforms,8151D,6.029819501090498e+16,1.3335658896602635e+17,4.010705668152725e+17
Laundry & Uniforms,8152D,2.6020797847029532e+16,5.729579525932464e+16,1.721375857572723e+17
Laundry & Uniforms ,8153D,0.610921064252324,0.5196653293172881,0.7461455872670286
Laundry & Uniforms ,8154D,2.6020797847029532e+16,5.729579525932464e+16,1.721375857572723e+17
Laundry & Uniforms ,8155D,0.0,0.0,0.0
Lease & Rental Expenses,9102D,0.0,0.0,0.0
Lease & Rental Income,9101D,0.0763888888888889,0.051978114478114484,0.25315656565656564
Lease Buyout,3510G,0.0,0.0,0.0
Lease Buyout,3510S,0.0,0.0,0.0
Lease Buyout,3510U,0.0,0.0,0.0
Lease Vehicles,1680D,0.0,0.0,0.0
Leasehold,1870D,0.0,0.0,0.0
Leasehold,1880D,0.0,0.0,0.0
Leasehold ,11870D,0.0,0.0,0.0
Legal & Auditing,8350D,6.890674229863058e+18,8.558674091852131e+18,3.346674923094875e+18
Legal & Auditing,8351D,2.4117610004500004e+18,2.995560952146176e+18,1.1714363030749256e+18
Legal & Auditing,8352D,1.0335761144815288e+18,1.2837760937798897e+18,5.019011584725119e+17
Legal & Auditing,8353D,2.4117610004500004e+18,2.995560952146176e+18,1.1714363030749256e+18
Legal & Auditing,8354D,1.0335761144815288e+18,1.2837760937798897e+18,5.019011584725119e+17
Legal & Auditing,8355D,0.0,0.0,0.0
Less: Charge Backs - New,4400G,0.0,0.0,0.0
Less: Charge Backs - Used,4750G,0.0,0.0,0.0
Life Insurance - Cash Value,1900D,0.0,0.0,0.0
Liquidity in Dollars,6032DZ,0.0,0.0,0.0
Liquidity in Dollars,6043DZ,5.784341481325415,4.955279477491165,2.755781041795398
Loss on Disposal of Assets,9051D,0.0,0.0,0.0
MAR.,391CU,5420999551464485.0,6143799491659750.0,0.1234567901234568
MAR.,392CU,0.0,0.0,0.0
MAR.,395CU,7088999413453559.0,8034199335247367.0,0.3513725490196078
MAR.,396CD,1.1256914068598755e+19,1.2757835944411922e+19,3.759110936213653
MAR.,396CU,0.0,0.0,0.0
MAY,391EU,1.100879908912788e+16,1.5901598684295824e+16,0.3451178451178451
MAY,392EU,0.0,0.0,0.0
MAY,395EU,1.15091990477246e+16,1.6624398624491094e+16,0.2923976608187134
MAY,396ED,2.094924426665176e+19,3.0260019496274764e+19,0.5525024187910342
MAY,396EU,0.0,0.0,0.0
Manager(s),0961P,0.0,0.0,0.018518518518518517
Manager(s),0968P,0.0,0.05555555555555555,0.5555555555555556
Manager(s),0975P,0.0,0.0,0.0
Manager(s),0982P,0.0,0.0,0.0
Manager(s),0989P,0.0,0.0,0.0
Manager(s),510P,0.0,0.013888888888888888,0.13425925925925924
"Membership, Dues, Publications",8310D,1.0133099161583616e+18,1.2105230998408696e+18,4.6720676134313914e+17
"Membership, Dues, Publications",8311D,4.305941643724791e+17,5.1193695764214624e+17,1.8573178463248323e+17
"Membership, Dues, Publications",8312D,4.875563596594059e+17,5.62644153446614e+17,3.645413698377118e+17
"Membership, Dues, Publications ",8313D,1.6212958658533786e+17,1.592383868245568e+17,1.1192279073946678e+17
"Membership, Dues, Publications ",8314D,6.955559424494433e+16,6.833239434615234e+16,4.812179601838475e+16
"Membership, Dues, Publications ",8315D,0.0,0.0,0.0
Mirage (5-Door),3025G,2.665046779493041e+18,3.1119595425153126e+18,9.640205202365844e+17
Mirage (5-Door),3025S,3.804924525179133e+19,4.284947085461888e+19,9.427034820003641e+18
Mirage (5-Door),3025U,1834799848187980.0,2001599834386887.0,500399958596722.25
Miscellaneous,8410D,0.33810097483612134,0.2842216806602377,0.42441106960518027
Miscellaneous,8411D,0.6019116645635662,0.6523977029718472,0.6092958294072554
Miscellaneous,8412D,2.989164882892566,2.7177756334393974,1.032353295545568
Miscellaneous ,8413D,2.600405415966911,2.1692291861773545,1.7108280410120527
Miscellaneous ,8414D,2.331029807129729e+17,1.575703869625677e+17,1.7173124425649375
Miscellaneous ,8415D,0.0,0.0,0.0
Miscellaneous Assets,1571D,0.0,0.0,0.0
Miscellaneous Deductions,9222D,0.0,0.0,0.0
Miscellaneous Income,9072D,3.315566574792127,3.864471914014443,9.24650305581306
Missed Appointments,50106SD,0.0,0.0,0.0
Missed Service Appointments,50006SD,0.0,0.0,0.0
Mortgages Payable,2430D,0.0,0.0,0.0
"NET ADDITIONS & DEDUCTS (PAGE 3 NET
OF LINE 78)",85000AD,1.1342856677877518,1.311575694156159,17.12307614129678
"NET CUSTOMER RECEIVABLES
(LINES 7 THRU 11)",21000D,0.5017820240713604,0.4176021389675546,0.5280268069294849
NET PROFIT / LOSS BEFORE INCOME TAXES  (LINES 67  LESS 68),2570D,2.031606246148424,2.5480409143594027,6.467969102083547
"NET PROFIT BEFORE
OWNERS BONUS & INCOME TAX 
(LINES 65 & 66)",19000D,2.0334913572124753,2.5380757010733097,27.28079468731187
NET PROFIT OR (LOSS) ,19500D,2.031606246148424,2.5480409143594027,6.467969102083547
"NET RECEIVABLES 
(LINES 78 & 79)",22500D,0.35088508179716754,0.3165874151483952,0.42526554823243834
NOV.,391KU,3335999723978145.0,3780799687175231.0,0.02729885057471264
NOV.,392KU,0.0,0.0,0.0
NOV.,395KU,5420999551464485.0,6143799491659751.0,0.0349002849002849
NOV.,396KD,6.028151501228509e+18,6.831905034725643e+18,0.22682932953012852
NOV.,396KU,0.0,0.0,0.0
NV Target,42000T,0.0,0.0,0.0
NV Target,6059DZ,0.0,0.0,0.0
NV Units Sold Retail Per NV Sales Rep.,6060DZ,354449970672680.2,208499982748635.38,1083365910361904.2
NV Units Sold Retail Per NV Sales Rep.,6066DZ,0.6327578544312997,0.4859056103302636,0.7753482803323948
NV Units Sold Retail Per NV Sales Rep.,6072DZ,159293986819958.88,177919985278835.66,4.266329185885584
NV Vehicle Equity or (Conversion) ,6033DZ,0.0,0.0,0.0
NV Vehicle Equity or (Conversion) ,6044DZ,11.971038248885925,3.7335692619751404,20.887511422446288
Net Working Capital Actual,6027DZ,5.442075616785729,7.1832581531724,5.55501707836809
Net Working Capital Ratio,6030DZ,8339999309950.422,35583997055772.36,35027997101774.375
New / Used Vehicle Inventory Expense,8650D,0.0,0.0,6.605279453476727e+16
New / Used Vehicle Inventory Expense,8651D,0.0,0.0,0.0
New / Used Vehicle Inventory Expense,8652D,0.0,0.0,6.605279453476727e+16
New Car - Mitsubishi,1400D,1.6424127441061601e+19,3.5073783697982124e+19,1.7060636188396632e+19
New SUV - Mitsubishi,1420D,0.17467928650504919,0.1885690994336686,0.553917479058942
New Vehicle Department,M17000AD,0.25694524016687564,0.21045687775362604,0.35091446991662023
New Vehicle Department,M18000AD,2.0217678595571,1.8866816471293366,3.2995952765373544
New Vehicle Department,M43500XG,0.3017405069864958,0.2936619286668656,0.37915719586495583
New Vehicles - Mitsubishi,2100D,0.1528147527944133,0.16636858710266011,0.5710478483878275
New Vehicles - Other Makes ,1430D,0.0,0.0,0.0
Non-Automotive Inventory,1572D,0.0,0.0,0.0
Non-Productive / Other,50103SD,0.0,0.0,0.0
Non-Productive / Other,50103SDY,0.0,0.0,0.0
Non-Productive / Other ,50003SD,416999965497268.4,83399993099453.94,0.7592592592592593
Non-Productive / Other ,50003SDY,0.6619729036395703,0.5623850943295388,0.8251443001443002
Notes Payable - Capital Loans,2410D,0.030707533610980324,0.035233574899260135,0.1402936332291272
Notes and Accts. Rec. - Officers / Owners / Employees,1910D,0.0,0.0,1.3874673052004403e+19
OCT.,391JU,7005599420354106.0,8951599259341356.0,0.03842940685045948
OCT.,392JU,0.0,0.0,0.0
OCT.,395JU,5504399544563940.0,7033399418053923.0,0.06235431235431235
OCT.,396JD,1.9730269967510143e+19,2.5210900514040738e+19,0.2389680463887744
OCT.,396JU,0.0,0.0,0.0
OVER 30 Day,1100DOT,0.0,3.382370120141441e+18,5.073555180212163e+18
Occupancy as a % of Company GP,6031DZ,2.9727822369078876,2.2104934873148334,2.9038220320908597
Occupancy as a % of Company GP,6042DZ,5.687773863063151,11.027460503743571,3.6861174708684112
Occupancy as a % of Company GP,6053DZ,2674637778699480.0,715571940793313.5,3.834636082549074
Office Supplies & Stationery,8200D,0.7298524298571737,0.5707487741450401,1.0113295386917642
Office Supplies & Stationery,8201D,1.14046560089617,0.8449537022433637,1.1386148085329162
Office Supplies & Stationery,8202D,1.457226385453628,1.1300536702144328,1.1930085612719425
Office Supplies & Stationery,8203D,4.597464174248298,3.833209265030423,3.200624480475826
Office Supplies & Stationery,8204D,4.2581213574039865,3.2747150096668074,4.290472549826858
Office Supplies & Stationery,8205D,0.0,0.0,0.0
Other,11890D,0.08866628335426771,0.1268696202472637,0.595726673509326
Other,1730D,0.01784140495690119,0.026762107435351776,0.21058675897825255
Other,1890D,0.016292230295490494,0.021895610045657946,0.05894174765000229
Other Expenses Payable,2300D,0.75791703494467,1.164973752529768,3.165025806734087
Other Ext. Warranty - New,3281G,0.5764174417093614,0.4547377962552263,0.8046658746386063
Other Ext. Warranty - New,3281S,0.5532877747115417,0.46664285447788356,0.8429211272694129
Other Ext. Warranty - New,3281U,0.4709890026579898,0.4155382621763278,0.8376700649220139
Other F & I - New,3282G,0.5799311659372719,0.5752544978374199,0.9364729407330261
Other F & I - New,3282S,0.5839807845444087,0.5998801426682181,1.0061020452099514
Other F & I - New,3282U,0.45305175910715195,0.3861518254292564,0.44530850336855976
Other Factory Rec. / Incentives - Mit. ,1200AD,0.39650333260004245,0.46746689014363646,0.638402917276193
Other Factory Rec. / Incentives - Mitsubishi,1200BD,0.39650333260004245,0.46746689014363646,0.638402917276193
Other Factory Rec. / Incentives - Mitsubishi,1200CD,0.0,0.0,0.0
Other Factory Rec. / Incentives - Mitsubishi,1200D,0.39650333260004245,0.46746689014363646,0.638402917276193
Other Factory Rec. / Incentives - Mitsubishi,1200DD,0.0,0.0,0.0
Other Factory Rec. / Incentives - Mitsubishi,1200ED,0.0,0.0,0.0
Other Factory Rec. / Incentives - Mitsubishi,1200FD,0.0,0.0,0.0
Other MMSCAN Program Expense,9502D,0.0,0.0,0.0
Other MMSCAN Program Income,9501D,0.0,0.0,0.0
Other Mechanical Labour,5015G,0.0,0.0,0.0
Other Mechanical Labour,5015S,0.0,0.0,0.0
Other Mechanical Labour,5015U,0.0,0.0,0.0
Other Non-Automotive Assets,1990D,0.0004561175441094458,0.036426061218053946,0.42414642217768905
Other Notes / Accounts Receivable,1950D,0.0,0.0,0.0
Other Notes and Contracts Payable,2420D,0.051274176027369577,0.06289652936134549,0.18110989926030818
Other P&A,5710G,1.6607122467741047,2.5549531598630537,2.597386106356427
Other P&A,5710S,2.1930661743849367,2.4379603417503803,4.397609304187437
Other P&A,5710U,0.0,0.0,0.0
Other Salaries & Wages,8630D,0.8958279016338777,0.7007803657597562,0.664916343215468
Other Salaries & Wages,8631D,1.3942445340070813,1.0823675236785113,0.3830036141360964
Other Salaries & Wages,8632D,0.9122516620067143,0.6946411173347529,0.38036737385466274
Other Salaries & Wages,8633D,1.1138063418962634,0.8673625932354717,0.7562838379844856
Other Salaries & Wages,8634D,0.966392115582487,1.2266744256331887,2.5557201598865316
Other Salaries & Wages,8635D,0.0,0.0,0.0
Other Supplies & Tools,8210D,5.990143164293973,2.48808408371656,3.892863678850414
Other Supplies & Tools,8211D,8.256599316845909e+16,1.038607914065196e+17,1.8556498464628432e+17
Other Supplies & Tools,8212D,3.5278197081068884e+16,4.965079589187472e+16,8.189879322366346e+16
Other Supplies & Tools,8213D,3.5106120109552483,2.1509403179440327,2.4438440581639957
Other Supplies & Tools,8214D,7.255799399652466e+16,6.621959452096618e+16,1.9165318414254445e+17
Other Supplies & Tools,8215D,0.0,0.0,4003199668773774.0
Other Vehicles,2140D,0.0,0.0,0.0
Outlander,3015G,1.018091647559642,1.0201304027655043,2.092155950334387
Outlander,3015S,0.9207520115340534,0.8700145282136247,1.3749075412974987
Outlander,3015U,0.933662530884753,0.9123483512372401,1.3536044202710869
Outlander PHEV,3026G,0.8482489648044872,0.8716413056892683,0.6804044594473031
Outlander PHEV,3026S,0.545796092861865,0.5718178503727223,0.634604081516248
Outlander PHEV,3026U,0.5573339212228101,0.5881099353321575,0.6245002939447384
Outside Services,8370D,0.6501560209315191,0.714808304975245,0.920617575612675
Outside Services,8371D,0.6906465479416809,0.672729883489218,0.9871274274947426
Outside Services,8372D,1.164326582020756,1.404600195337788,1.8163566365184798
Outside Services ,8373D,0.6282941871013672,0.6793994040806267,1.4992487591747838
Outside Services ,8374D,0.5287695156651873,0.6550978673532295,0.6166444509801389
Outside Services ,8375D,0.0,0.0,0.0
Over 30 days,1140DOT,0.0,1.0007999171934435e+19,1.5011998757901654e+19
Over 45 days,1280DOF,0.0,0.0,0.0
Over 45 days,1285DOF,0.0,0.0,0.0
Over 90 Days,50023ST,0.28760243798419155,0.28467367551922496,0.5026955755435266
Over 90 Days,50028ST,0.28526069652795216,0.2920369001202781,0.5989465553002631
Over 90 Days,50033ST,0.19413564428106886,0.2430391102809318,0.934350175486563
Over 90 Days,50038ST,0.20795038312239766,0.27031140327558106,0.5754479475531085
Overhead Absorption %,6100DZ,3.269815060339931,2.5096070252911398,3.2114540892026158
Overhead Absorption %,6118DZ,7.228889942036962,12.291557233016121,6.6050072260891755
Overhead Absorption %,6136DZ,2241791814513316.5,1473955878044345.5,3.6023312053826206
Owner(s),0960P,0.0,0.0,0.0
Owner(s),0967P,0.0,0.0,0.0
Owner(s),0974P,0.0,0.0,0.0
Owner(s),0981P,0.0,0.0,0.0
Owner(s),0988P,0.0,0.0,0.0
Owner(s),500P,0.0,0.0,0.0
Owners' Bonuses Payable,2280D,0.0,0.0,0.0
P&A Inventory Adjustment,6371G,0.0,0.0,0.0
P&A Inventory Adjustment,6371U,0.0,0.0,0.0
P&A Repair Order Mechanical,5200G,0.4625291629081226,0.4648033525200166,0.414546352201854
P&A Repair Order Mechanical,5200U,0.0,0.0,0.0
Parts & Accessories,M17000DD,0.30401582881724093,0.25365216917150746,0.24478772901611703
Parts & Accessories,M18000DD,6.353934963489432,7.556923804398249,4.053777613928982
Parts & Accessories,M49000XG,0.22041425362165676,0.22028048631983446,0.20279848397078246
Parts & Accessories - Mitsubishi ,1500D,0.05757403758552307,0.10000095115996109,0.3449850183713087
Parts & Accessories - Other,1510D,0.0070838365657617435,0.018871596152914036,0.2650515473734116
Parts & Accessories - Tires,1505D,0.48033646339036845,1.0227536274146827,2.3609782039381564
Payroll Payable,2210D,0.9958754868437103,1.1750035011921858,2.4810611334280366
Payroll Taxes,8130D,0.4245363188738373,0.3919806644994417,0.2637803002651576
Payroll Taxes,8131D,0.4254760929513138,0.39055356376955724,0.2634253272040426
Payroll Taxes,8132D,0.42142308441408827,0.39292018568728504,0.26826140922728214
Payroll Taxes ,8133D,0.4262584654723672,0.39264782581700647,0.26113844605898434
Payroll Taxes ,8134D,0.42142308441408827,0.39292018568728504,0.2661176696734706
Payroll Taxes ,8135D,0.0,0.0,0.0
Pension Fund,8180D,0.0,0.0,0.0
Pension Fund,8181D,0.0,0.0,0.0
Pension Fund,8182D,0.0,0.0,0.0
Pension Fund ,8183D,0.0,0.0,0.0
Pension Fund ,8184D,0.0,0.0,0.0
Pension Fund ,8185D,0.0,0.0,0.0
Pension Fund Payable,2290D,0.0,0.0,0.0
Petty Cash Fund / Cash On Hand,10011002D,0.05952380952380952,2.4536560846560844,9.543015873015873
Postage,8320D,1.116725907601684e+17,1.0094179164803872e+17,4.353479639791479e+16
Postage,8321D,4.303439643931806e+16,3.928139674984266e+16,1.5262198737200014e+16
Postage,8322D,2.5937397853930076e+16,2.432499798734064e+16,6505199461757383.0
Postage,8323D,2.98571975296044e+16,2.6104197840128984e+16,1.5262198737200014e+16
Postage,8324D,1.2843598937315858e+16,1.1231199070726422e+16,6505199461757383.0
Postage,8325D,0.0,0.0,0.0
Pre-Delivery - Mitsubishi,1260D,0.0,0.0,0.0
Preferred Stock,2502D,0.0,0.0,0.0
Prepaid Insurance,1640D,0.0,0.0,0.0
Prepaid Other,1610D,0.07688171913441434,0.09946891343945562,0.19852506982891455
Prepaid Taxes,1620D,0.0,0.0,0.0
Productive / Non Productive Personnel,500013SDZ,0.0,0.0,0.0
Productive / Non Productive Personnel,50016SDZ,0.0,0.0,0.0
Productive / Non Productive Personnel,6157DZ,3.0579441469845668e+16,4.355397839632766e+16,2.084999827486341e+16
Productive / Non-Productive Personnel,50013SDZ,0.0,0.0,0.0
Productivity (Guide 85% +),6109DZ,5.929173343029976,4.502300691265766,3.5328900431214
Productivity (Guide 85% +),6127DZ,12.080548205396113,5.508867936156168,5.124753167502782
Productivity (Guide 85% +),6162DZ,0.0,0.0,0.0
Productivity (Guide 85% +) ,50113SDZ,0.0,0.0,0.0
Profit or Loss (Before Income Tax),2570DV,2.0496645247743115,2.3647201277189724,2.903500152584416
Profit or Loss (Before Income Tax),6024DZ,2.3582549882438233,3.32130893362073,6.209045711912791
Profit or Loss (Before Income Tax),6046DZ,2.675084802662491e+18,1.6730299935728776e+18,1.0320649066065668e+20
Promotion,8110D,0.5293251759692166,0.44775690638037324,0.4803833941765462
Promotion,8111D,0.6021498458493437,0.5190937670058176,0.4669194337411565
Promotion,8112D,1.0675199116730064e+17,1.7552918547665008e+17,2.251799813685248e+16
Provincial Sales Tax,2241D,3.8030396853350856e+16,7.606079370670171e+16,2.445788197634577e+18
Pts. Months Supply (Guide 1.5 mos),6007DZ,2.9847479243347146,1.5273638950882023,4.367772950255377
Pts. Months Supply (Guide 1.5 mos),6016DZ,1.9026434163026522,2.7591534249483107,2.0035308004796644
Pts. Months Supply (Guide 1.5 mos),6023DZ,2.4162453400862165,1.3164076079950051,2.9443468071925984
Pts. Sls. per Customer RO (Inc. Tires),6002DZ,10.636758666574014,3.4949297094309806,11.962361054469005
Pts. Sls. per Customer RO (Inc. Tires),6011DZ,2.9338775822618306,3.70487144726034,1.926747816004906
Pts. Sls. per Customer RO (Inc. Tires),6018DZ,7270811398410372.0,3002399751580332.0,5.523909548010628
RVR,3022G,1.4267236819523533e+18,1.5624710707205642e+18,2.606082984371727e+18
RVR,3022S,5.357256936738573e+19,6.6371160108425585e+19,4.357382759468534e+19
RVR,3022U,1667999861989073.2,2084999827486341.2,1250999896491805.0
Rec. Floor Plan Credits,1220DD,0.0,0.0,0.0
Rec. Floor Plan Credits,1220ED,0.0,0.0,0.0
Rec. Floor Plan Credits,1220FD,0.0,0.0,0.0
Receivable - Floor Plan Credits,1220D,0.0,0.0,0.0
Receivables Floor Plan Credits,1220AD,0.0,0.0,0.0
Receivables Floor Plan Credits,1220BD,0.0,0.0,0.0
Receivables Floor Plan Credits,1220CD,0.0,0.0,0.0
Rent,8420D,9.885901582036836e+18,9.609291604923646e+18,7.505999378950827e+18
Rent,8421D,3.4600989137101317e+18,3.363271521721667e+18,2.6270997826327895e+18
Rent,8422D,1.4828518773082857e+18,1.4413742807401572e+18,1.125899906842624e+18
Rent,8423D,3.4600989137101317e+18,3.363271521721667e+18,2.6270997826327895e+18
Rent,8424D,1.4828518773082857e+18,1.4413742807401572e+18,1.125899906842624e+18
Rent,8425D,0.0,0.0,0.0
Rental / Lease Units,2120D,0.0,0.0,0.0
Rental Vehicles,1700D,0.0,0.0,0.0
Repairs & Maintenance - Real Estate,8440D,1.286027893593575e+17,2.9206677583428666e+17,1.2960358927655094e+17
Repairs & Maintenance - Real Estate,8441D,2.0799958279003738e+17,2.8325417656344435e+17,9.682739198846566e+16
Repairs & Maintenance - Real Estate,8442D,7.664459365839789e+16,1.2195858990910102e+17,4.178339654282627e+16
Repairs & Maintenance - Real Estate,8443D,6.071519497640225e+16,1.1295139065436003e+17,4.528619625300332e+16
Repairs & Maintenance - Real Estate,8444D,1.256837896008766e+17,1.326893890212307e+17,4.178339654282627e+16
Repairs & Maintenance - Real Estate,8445D,0.0,0.0,0.0
Reserve for Repossession Losses & Service Contract Losses,23112312D,0.0,0.0,0.0
Reserved,9060D,0.0,0.0,0.0
Retail Counter P&A,5310G,0.6557548662607724,0.598642946548067,0.5032123662026989
Retail Counter P&A,5310S,1.0251721845598794,0.9522608330915934,0.8866385934012
Retail Counter P&A,5310U,0.3991931940066672,0.31526655701908507,0.462811839077091
Retained Earnings,2520D,0.03495037108094123,0.05348903850555209,0.20867298388768576
SEP.,391IU,7505999378950827.0,1.0841999102928972e+16,0.12108262108262108
SEP.,392IU,0.0,0.0,0.0
SEP.,395IU,8006399337547548.0,1.1564799043124236e+16,0.1286008230452675
SEP.,396ID,1.5252691137986679e+19,2.203166497709187e+19,0.5957613831644093
SEP.,396IU,0.0,0.0,0.0
SUB-TOTAL NON-CPO (LINES 50 THRU 53),445500G,0.0,0.0,0.0
SUB-TOTAL NON-CPO (LINES 50 THRU 53),445500S,0.0,0.0,0.0
SUB-TOTAL NON-CPO (LINES 50 THRU 53),445500U,0.0,0.0,0.0
SUB-TOTAL OCCUPANCY  (LINES 50 THRU 57),15000CD,0.6475445226609353,0.6712721607890613,0.5274102185226517
SUB-TOTAL OCCUPANCY (LINES 50 THRU 57,15000AD,0.7092863736333002,0.7322275748226965,0.5635297037153513
SUB-TOTAL OCCUPANCY (LINES 50 THRU 57,15000BD,0.7094057909381579,0.7358865117828021,0.5657665375314355
SUB-TOTAL OCCUPANCY (LINES 50 THRU 57,15000D,0.6833214969496305,0.7081180675408948,0.5493660649345077
SUB-TOTAL OCCUPANCY (LINES 50 THRU 57),15000DD,0.6958622549940109,0.7202863756297367,0.5558537462999612
SUB-TOTAL OCCUPANCY (LINES 50 THRU 57),15000ED,0.0,0.0,0.0
SUB-TOTAL OTHER MAKES(LINES 55  THRU 58),446000U,0.0,0.0,0.0
SUB-TOTAL OTHER MAKES(LINES 55 THRU 58),446000G,0.0,0.0,0.0
SUB-TOTAL OTHER MAKES(LINES 55 THRU 58),446000S,0.0,0.0,0.0
"SUB-TOTAL PERSONNEL EXPENSES  (LINES 17
THRU 26)",13000CD,0.4469100448110155,0.3291508883248808,0.28086393658574665
"SUB-TOTAL PERSONNEL EXPENSES (LINES 17
THRU 26)",13000D,0.3696238101513179,0.2842618888933505,0.2330640256081592
SUB-TOTAL PERSONNEL EXPENSES (LINES 17 THRU 26),13000AD,0.3991141261211404,0.3298479947615569,0.25842422059625925
SUB-TOTAL PERSONNEL EXPENSES (LINES 17 THRU 26),13000BD,0.3519397863847279,0.27854594020814416,0.25425290710380166
SUB-TOTAL PERSONNEL EXPENSES (LINES 17 THRU 26),13000DD,0.44792188714068654,0.3558073941057718,0.2957297940329123
SUB-TOTAL PERSONNEL EXPENSES (LINES 17 THRU 26),13000ED,0.0,0.0,0.0
"SUB-TOTAL SELLING EXPENSES (LINES 5
THRU 15)",10000D,0.7983268123511057,0.7020566643863932,0.6916531770203096
SUB-TOTAL SELLING EXPENSES (LINES 5 THRU 15),10000AD,1.3246148892207865,1.0745416782714046,1.3368175622648464
SUB-TOTAL SELLING EXPENSES (LINES 5 THRU 15),10000BD,0.31780676707441263,0.2762691333448089,0.46020137431080876
SUB-TOTAL SELLING EXPS. (LINES 5 THRU 15),12000CD,0.0,0.0,0.0
Sales $'s per Retail Counter Invoice,6005DZ,30.361580159500324,9.487397441757093,10.832748192199126
Sales $'s per Retail Counter Invoice,6014DZ,4.645645002100758,4.4176763722191605,1.785455916387994
Sales $'s per Retail Counter Invoice,6021DZ,1.4915254765906294e+16,3352957722575035.5,3.1218019881403833
Sales $'s per Wholesale Invoice,6006DZ,3.2619591808887294,2.005293415133137,4.207285622167427
Sales $'s per Wholesale Invoice,6015DZ,6.652270196575924,4.894109759187701,9.135932465551697
Sales $'s per Wholesale Invoice,6022DZ,1.2798562941042156e+16,9078645248829522.0,10.593475419585836
Sales Incentive - Fleet,1240D,9.222371236937583e+18,1.8444742473875165e+19,4.611185618468791e+19
Sales Incentive - Retail,1230D,0.0,0.0,0.0
Sales Incentives Retail / Fleet,1230AD,9.222371236937583e+18,1.8444742473875165e+19,4.611185618468791e+19
Sales Incentives Retail / Fleet,1230BD,9.222371236937583e+18,1.5541421914096984e+19,4.016560347668306e+19
Sales Incentives Retail / Fleet,1230CD,0.0,8.355011308703265e+17,2.844523564643065e+18
Sales Incentives Retail / Fleet,1230DD,0.0,1.1142239078087004e+18,1.6713358617130506e+18
Sales Incentives Retail / Fleet,1230ED,0.0,9.535955210991529e+17,1.430393281648729e+18
Sales Incentives Retail / Fleet,1230FD,0.0,0.0,0.0
Sales Reps,0962P,0.06481481481481481,0.11368312757201646,0.375
Sales Reps.,0969P,0.0925925925925926,0.1183127572016461,0.06481481481481481
Sales Reps.,520P,0.07883597883597884,0.12007642563198119,0.26349206349206356
Securities,1030D,0.0,0.0,0.0
Serv. Parts & Body Shop - Customers,1140BD,0.3480597474028862,0.3355728164971494,0.8424642147439029
Serv. Parts & Body Shop - Customers,1140CD,0.8217861238863415,0.7855602581172643,1.5977166319876102
"Serv., Parts & Body Shop - Customers",1140AD,0.13090106374483226,0.14533582813707877,0.2398681391322868
Service Contracts (CPO),3703G,0.018518518518518517,7.764539357559133e+17,1.1646809036338698e+18
Service Contracts (CPO),3703S,0.018518518518518517,1.1991251007839444e+18,1.7986876511759165e+18
Service Contracts (CPO),3703U,0.018518518518518517,500399958596721.75,750599937895082.6
Service Contracts (Non CPO),3741G,2.3243578076817728e+17,5.282833562896391e+17,1.3692542146244868
Service Contracts (Non CPO),3741S,6.641975450440486e+17,1.3849124854118272e+18,0.7386181462716949
Service Contracts (Non CPO),3741U,250199979298361.84,444799963197086.75,0.6569113756613757
Service Contracts (Other Makes),3711G,0.0,0.0,1.8400540477532454e+18
Service Contracts (Other Makes),3711S,0.0,0.0,2.4600495964545833e+18
Service Contracts (Other Makes),3711U,0.0,0.0,1417799882690711.8
Service Department,M17000CD,0.2852836014422919,0.21271832302400273,0.23272311643157328
Service Department,M18000CD,5.162894902993636,4.759259352998989,4.477501074460952
Service Department,M45500XG,0.2466379563594741,0.18276229966586513,0.28979973909471457
"Service, Parts & Body Shop - Customers",1140D,0.13089832098604104,0.14533354564518308,0.23986665087831702
"Service, Parts & Body Shop - Customers",1140DD,2.9169102844292203,3.4792333061200647,4.910963300320076
"Service, Parts & Body Shop - Customers",1140ED,2.512091192148643e+18,1.5552152713209116e+18,0.6421136521840324
"Service, Parts & Body Shop - Customers",1140FD,0.0,0.0,0.0
Shareholder's Loans,2490D,3.589824178780388,4.073819472431305,2.9036922319590865
Sold,3013ST,0.3476217558540076,0.3000362137018742,0.727130207017964
Sold ,3003ST,0.3554089536253382,0.3831387792168775,0.7101829377104278
Sublet Repairs,1540D,0.15731506268676734,0.15120347214696508,0.20174812705205006
Sublet Repairs,5100G,0.34308655807354366,0.47612495958348444,1.0869195589046474
Sublet Repairs,5100S,0.3406368076364276,0.28745399856797,0.3559430246657376
Sublet Repairs,5100U,0.0,0.0,0.0
Sublet Repairs Body Shop,5440G,0.0,0.0,0.0
Sublet Repairs Body Shop,5440S,0.0,0.0,0.0
Sublet Repairs Body Shop,5440U,0.0,0.0,0.0
TOTAL,25700D,3.2765603255576874,4.199839026532512,2.467674224096354
TOTAL,3910U,0.8527277200110643,0.9316143460205212,0.3257748950217058
TOTAL,3920U,0.0,0.0,9757799192636074.0
TOTAL,3950U,0.7889702151718345,0.8375310955395615,0.39859004346555793
TOTAL,3960U,0.0,0.0,5504399544563940.0
TOTAL,50024ST,0.160100861687649,0.15423839347431312,0.44148470514652904
TOTAL,50029ST,0.16204796137801514,0.17395278015378515,0.557924385775263
TOTAL,50034ST,0.14848604822331002,0.1610601385535776,0.6401394568264915
TOTAL,50039ST,0.15844129492135003,0.17948315111428081,0.41630719131504385
TOTAL,50044ST,0.36983570595094073,0.43735628104853447,0.8777304605873106
TOTAL,50049ST,0.10149743004414666,0.1267617155152971,0.3194467606113318
"TOTAL
(LINES 71 THRU 77)",22000XD,0.35088508179716754,0.3165874151483952,0.42526554823243834
TOTAL ,5000AP,0.05,0.08765432098765431,0.28101851851851856
TOTAL ,5000BP,0.05925925925925926,0.08713991769547325,0.2675925925925926
TOTAL ,5000CP,0.03016273849607183,0.045847362514029176,0.2187523381967826
TOTAL ACCOUNTS & NOTES PAYABLE  (LINES 1 THRU 11),30000D,0.13146947006186666,0.15232524280464846,0.5083767847073426
"TOTAL ADDITIONAL DEDUCTIONS 
(LINES 71
THRU 77) ",90000D,0.0,0.0,0.0
"TOTAL ADDITIONAL INCOME
(LINES 71
THRU 77)",85000D,1.1342856677877518,1.311575694156159,17.12309162356958
"TOTAL ALL DEPTS. (Pg 4, Ln 63 Pg 5, Ln 37)",400000G,0.19849325446782576,0.16107378780309467,0.2178452151108216
"TOTAL ALL DEPTS. (Pg 4, Ln 63 Pg 5, Ln 37)",400000S,0.2264809637935958,0.2272591067550227,0.3523792888392867
"TOTAL ASSETS 
(LINES 50, 61 & 67)",200000D,0.09093816930959028,0.11159890881032306,0.3604546069458765
TOTAL BODY SHOP,46000XS,0.0,0.0,0.0
TOTAL BODY SHOP DEPT. (LINES 30 THRU 35),46000G,0.0,0.0,0.0
TOTAL BODY SHOP DEPT. (LINES 30 THRU 35),46000S,0.0,0.0,0.0
TOTAL BODY SHOP DEPT. (LINES 30 THRU 35),46000U,0.0,0.0,0.0
"TOTAL CASH AND CONTRACTS
(LINES 1 THRU 5)",20000D,1.3028883262981052,1.3265308599727168,1.3720692003939488
"TOTAL CURRENT ASSETS
(LINES 6, 20, 41 & 49)",27000D,0.09804624918070746,0.11732924479950942,0.3675107861508167
TOTAL CURRENT LIABILITIES (LINES 12 THRU 26),31000D,0.1351428372152492,0.1552747162772976,0.49581925237064994
TOTAL F & I NEW,43000S,0.3529563585801735,0.40408949675392036,0.5832088617684021
TOTAL F & I USED,44600S,0.7310348387541509,0.8240979021868974,1.4413767568293023
TOTAL F&I NEW (LINES 23 THRU 29),43000G,0.3758841754560702,0.4361666126419913,0.7351964628602471
TOTAL F&I NEW (LINES 23 THRU 29),43000U,0.0,0.0,0.0
"TOTAL F&I USED(LINES 49, 54, 59 & 60)",44600G,1.4116140353087347,1.801080212056365,4.026111585875747
"TOTAL F&I USED(LINES 49, 54, 59 & 60)",44600U,0.0,0.0,0.0
"TOTAL FIXED ASSETS
(LINES 53 THRU 60) ",28000D,0.04217073781771569,0.06340625535928704,0.06932951566707651
"TOTAL FIXED OPERS. (LINES 14, 28 & 36)",48000G,0.2135869203842459,0.1744498326251133,0.21754045611890527
"TOTAL FIXED OPERS. (LINES 14, 28 & 36)",48000S,0.20883557242401102,0.17403864881166103,0.20689840420219177
"TOTAL FIXED OVERHEAD (LINES 27, 49, 58,
59 THRU 62)",16000CD,0.2852836014422919,0.21271832302400273,0.23272311643157328
"TOTAL FIXED OVERHEAD (LINES 27, 49, 58,
59 THRU 62)",16000D,0.22247217061389943,0.1760193874478414,0.219700087377325
"TOTAL FIXED OVERHEAD (LINES 27, 49, 58, 59 THRU 62)",16000AD,0.21463138231443757,0.18079485393764144,0.2474293786246866
"TOTAL FIXED OVERHEAD (LINES 27, 49, 58, 59 THRU 62)",16000BD,0.21154894009417466,0.1619416978676503,0.3527380722818443
"TOTAL FIXED OVERHEAD (LINES 27, 49, 58, 59 THRU 62)",16000DD,0.30401582881724093,0.25365216917150746,0.2447869713645943
"TOTAL FIXED OVERHEAD (LINES 27, 49, 58, 59 THRU 62)",16000ED,0.0,0.0,4003199668773774.0
TOTAL GROSS PROFIT,400000XG,0.19849325446782576,0.16107378780309467,0.2178452151108216
TOTAL GROSS PROFIT,45500XG,0.2466379563594741,0.18276229966586513,0.28979973909471457
TOTAL GROSS PROFIT - BODY SHOP DEPT.,46000XG,0.0,0.0,0.0
TOTAL GROSS PROFIT - NEW VEHICLE DEPT.,43500XG,0.3017405069864958,0.2936619286668656,0.37915719586495583
TOTAL GROSS PROFIT - PARTS & ACCESS DEPT.,49000XG,0.22041425362165676,0.22028048631983446,0.20279848397078246
TOTAL GROSS PROFIT - USED VEHICLE DEPT.,44700XG,0.4030870150666722,0.3527035654183229,0.40003714601687546
"TOTAL INVENTORIES
(LINES 26, 30 THRU 40)",25000D,0.13267295244463223,0.14440416469196093,0.4247618814193555
TOTAL LIABILITIES & NET WORTH (LINES 33 & 67),35000D,0.09093817611316425,0.11159891249323116,0.3604546288883684
TOTAL LIABILITIES (LINES 27 & 32),33000D,0.06930530589699266,0.08558427100861271,0.23460313844619785
TOTAL LONG TERM DEBT (LINES 28 THRU 31),32000D,0.04899997071648688,0.05997250223491376,0.1679283509881965
TOTAL MIT. NEW (LINES 18  THRU 20),42000U,0.3554089536253382,0.34396930671407167,0.37903935356341123
TOTAL MIT. NEW (LINES 18 THRU 20),42000G,0.4610057390666225,0.43873595147451483,0.4599631334718809
TOTAL MIT. NEW (LINES 18 THRU 20),42000S,0.3359920615589365,0.3450617853667827,0.40057265236876677
TOTAL MITSUBISHI CARS RETAIL (LINES 2  THRU 4),40000U,1834799848187980.0,2001599834386887.0,500399958596722.25
TOTAL MITSUBISHI CARS RETAIL (LINES 2 THRU 4),40000G,2.665046779493041e+18,3.1119595425153126e+18,9.640205202365844e+17
TOTAL MITSUBISHI CARS RETAIL (LINES 2 THRU 4),40000S,3.804924525179133e+19,4.284947085461888e+19,9.427034820003641e+18
TOTAL MITSUBISHI FLEET,3060G,0.0,0.0,0.0
TOTAL MITSUBISHI FLEET,3060S,0.0,0.0,0.0
TOTAL MITSUBISHI FLEET,3060U,0.0,0.0,0.0
TOTAL MITSUBISHI LABOUR (LINES 2 THRU 6),45000G,0.2541670879885134,0.20164703321371447,0.3067375959221675
TOTAL MITSUBISHI LABOUR (LINES 2 THRU 6),45000S,0.23926641644509516,0.19018300847737044,0.3001712242965133
TOTAL MITSUBISHI LABOUR (LINES 2 THRU 6),45000U,0.24975477143663694,0.1973485932794753,0.20083733005643986
"TOTAL MITSUBISHI RETAIL (LINES 5,  16 & 17)",41500U,0.3554089536253382,0.34396930671407167,0.37903935356341123
"TOTAL MITSUBISHI RETAIL (LINES 5, 16 & 17)",41500G,0.4610057390666225,0.43873595147451483,0.4599631334718809
"TOTAL MITSUBISHI RETAIL (LINES 5, 16 & 17)",41500S,0.3359920615589365,0.3450617853667827,0.40057265236876677
TOTAL MITSUBISHI SUV RETAIL (LINES 6 THRU 15),41000G,0.501399162538639,0.49469397186987357,0.5450210311242295
TOTAL MITSUBISHI SUV RETAIL (LINES 6 THRU 15),41000S,0.36439899824544253,0.38952022567849126,0.43729169866264983
TOTAL MITSUBISHI SUV RETAIL (LINES 6 THRU 15),41000U,0.38118360292628545,0.4060019509957939,0.44634225732904337
"TOTAL NET WORTH
(LINES 44 THRU 50 & LINE 65 MINUS 66)",34000D,0.03419572400947028,0.04950812024518579,0.2359763329658358
TOTAL NEW & USED VEHICLE(LINES  31 & 62),44800U,0.32328759114397676,0.2891816001933038,0.3887532317625626
TOTAL NEW & USED VEHICLE(LINES 31 & 62),44800G,0.29682772394860657,0.27420653706458986,0.254584493385594
TOTAL NEW & USED VEHICLE(LINES 31 & 62),44800S,0.2683233908555829,0.26749289080426447,0.37314103430177564
TOTAL NEW VEHICLE DEPT,43500XS,0.32332072930521943,0.33733798484564204,0.3817574331193577
TOTAL NEW VEHICLE DEPT (LINES 21 & 30),43500G,0.3017405069864958,0.2936619286668656,0.37915719586495583
TOTAL NEW VEHICLE DEPT (LINES 21 & 30),43500S,0.32332072930521943,0.33733798484564204,0.3817574331193577
"TOTAL NEW VEHICLES
(LINES 21 THRU 25)",23000D,0.1620479584848563,0.17395281195236392,0.5579244071278365
"TOTAL OPERATING EXPENSES (LINE 63)
",17000CD,0.2852836014422919,0.21271832302400273,0.23272311643157328
TOTAL OPERATING EXPENSES (LINE 63) ,17000DD,0.30401582881724093,0.25365216917150746,0.2447869713645943
TOTAL OPERATING EXPENSES (LINE 63) ,17000ED,0.0,0.0,4003199668773774.0
TOTAL OPERATING EXPENSES (LINES 16  & 63),17000D,0.19464663770252036,0.16444091389326762,0.24928839837841604
TOTAL OPERATING EXPENSES (LINES 16 & 63),17000AD,0.25694524016687564,0.21045687775362604,0.35091446991662023
TOTAL OPERATING EXPENSES (LINES 16 & 63),17000BD,0.1892179791245615,0.17610925565411098,0.3834332529486529
"TOTAL OTHER ASSETS
(LINES 62 THRU 66)",29000D,0.0004561175441094458,0.036426061218053946,0.40876492766815703
"TOTAL OTHER CURRENT ASSETS
(LINES 42 THRU 48)",26000D,0.07688171913441434,0.09946891343945562,0.19852506982891455
TOTAL P&A (LINES 16 THRU 27),47000G,0.22041425362165676,0.22028048631983446,0.20279848397078246
TOTAL P&A (LINES 16 THRU 27),47000S,0.26749961163592234,0.24124757032828217,0.18314528477427322
TOTAL P&A (LINES 16 THRU 27),47000U,0.2688530381868745,0.2337244507126489,0.3444210771353817
"TOTAL RECEIVABLES
(LINE 12 & LINES 13 THRU 19)",22000D,0.3508833293840017,0.31658590123703845,0.42526597202297456
TOTAL SALES,400000XS,0.2264809637935958,0.2272591067550227,0.3523792888392867
TOTAL SALES ,45500XS,0.21707582462560457,0.1673533236459615,0.29966187752073237
TOTAL SALES - PARTS & ACCESS DEPT.,49000XS,0.26749961163592234,0.24124757032828217,0.18314528477427322
"TOTAL SEMI FIXED EXPENSE (LINES 28 THRU 48)
",14000D,0.27846385603111284,0.2400795886975262,0.40113089890480247
TOTAL SEMI FIXED EXPENSE (LINES 28 THRU 48) ,14000AD,0.3042261268818222,0.2929850130566262,0.45406971251860423
TOTAL SEMI FIXED EXPENSE (LINES 28 THRU 48) ,14000BD,0.5276765588182447,0.39009056301176215,0.5580215531295023
TOTAL SEMI-FIXED EXPENSES  (LINES 28 THRU 48),14000CD,0.23056400618157585,0.19352414652072397,0.366507444600926
TOTAL SEMI-FIXED EXPENSES (LINES 28 THRU 48),14000DD,0.45009271922602223,0.41727393209307034,0.6242096072493348
TOTAL SEMI-FIXED EXPENSES (LINES 28 THRU 48),14000ED,0.0,0.0,4003199668773774.0
"TOTAL SERVICE DEPARTMENT (LINES 7
 THRU 13)",45500U,0.24975477143663694,0.1973485932794753,0.20083733005643986
TOTAL SERVICE DEPARTMENT (LINES 7 THRU 13),45500G,0.2466379563594741,0.18276229966586513,0.28979973909471457
TOTAL SERVICE DEPARTMENT (LINES 7 THRU 13),45500S,0.21707582462560457,0.1673533236459615,0.29966187752073237
TOTAL USED RETAIL (LINES 33  THRU 38),44000U,0.35221197857447445,0.2783568223221905,0.40351751419760534
TOTAL USED RETAIL (LINES 33 THRU 38),44000G,0.4891723837976534,0.41045660784368077,0.4657558040907496
TOTAL USED RETAIL (LINES 33 THRU 38),44000S,0.29822471767943715,0.27298188407760754,0.4045337087775107
TOTAL USED VEHICLE DEPT,44700XS,0.2941429157286159,0.2701317014760589,0.38319655480713466
TOTAL USED VEHICLE DEPT.(LINES 43 & 61),44700G,0.4030870150666722,0.3527035654183229,0.40003714601687546
TOTAL USED VEHICLE DEPT.(LINES 43 & 61),44700S,0.2941429157286159,0.2701317014760589,0.38319655480713466
"TOTAL USED VEHICLES
(LINES 27 
THRU 29)",24000D,0.15844093534410084,0.17948305031608283,0.4163070877811666
TOTAL USED VEHICLES (LINES 39 THRU 42),44500G,0.4891723837976534,0.41045660784368077,0.4657558040907496
TOTAL USED VEHICLES (LINES 39 THRU 42),44500S,0.29822471767943715,0.27298188407760754,0.4041489252721022
TOTAL USED VEHICLES (LINES 39 THRU 42),44500U,0.35221197857447445,0.2783568223221905,0.3942582549383461
Taxes - Other,8400D,0.0,0.0,0.0
Taxes - Other,8401D,0.0,0.0,0.0
Taxes - Other,8402D,0.0,0.0,0.0
Taxes - Other,8404D,0.0,0.0,0.0
Taxes - Other,8405D,0.0,0.0,0.0
Taxes - Real Estate,8460D,5.948254307839232e+18,4.16405045546492e+18,6.689847046479573e+18
Taxes - Real Estate,8461D,2.081914027741661e+18,1.4574426794106522e+18,2.3413714062740613e+18
Taxes - Real Estate,8462D,8.92213126177955e+17,6.245825483218081e+17,1.0035521169657254e+18
Taxes - Real Estate,8463D,2.081914027741661e+18,1.4574426794106522e+18,2.3413714062740613e+18
Taxes - Real Estate,8464D,8.92213126177955e+17,6.245825483218081e+17,1.0035521169657254e+18
Taxes - Real Estate,8465D,0.0,0.0,0.0
Taxes Payable - Income,2250D,0.0,0.0,0.0
Taxes Payable - Other,2260D,0.017394089612627603,0.02668706506138821,0.17248471486665318
Taxes Payable - Payroll,2230D,3.014647868345392,3.5426927779825825,4.2271060618259995
Taxes Payable - Sales,2240D,250199979298360.88,416999965497268.1,2251799813685248.0
Technicians,0978P,0.06481481481481481,0.058641975308641965,0.1574074074074074
Technicians,0984P,0.0,0.0,0.0
Technicians,0992P,0.0,0.0,0.0
Technicians,550P,0.06481481481481481,0.058641975308641965,0.1574074074074074
Technicians ,0966PZ,0.0,0.0,0.0
Telephone,8360D,0.7663063881771639,0.6259066916911377,0.8373565288765972
Telephone,8361D,0.7636716203445904,0.6232427109218603,0.8344984447033185
Telephone,8362D,0.7726434542133239,0.6323052905629473,0.8442083251147774
Telephone,8363D,0.7636716203445904,0.6232427109218603,0.8344984447033185
Telephone,8364D,0.7726434542133239,0.6323052905629473,0.8442083251147774
Telephone,8365D,0.0,0.0,0.0
Terminated YTD,570AP,0.0,0.0,0.0
Terminated YTD,570BP,0.0,0.0,0.0
Terminated YTD,570CP,0.0,0.0,0.0
Terminated YTD,570DP,0.0,0.0,0.0
Terminated YTD,570EP,0.0,0.0,0.0
Terminated YTD,570TP,0.0,0.0,0.0
Test Drives,3001ST,0.3547058114358894,0.39205259550186417,0.6795607597248797
Test Drives,3011ST,0.3216902107994797,0.28182058466197035,0.7039706488700741
Tire Inventory Over 12 Mo's ($),50211SD,0.0,360728905953156.5,1082186717859469.5
Tire Inventory Over 12 Mo's ($),6008DZ,0.0,361121970120634.25,2166731820723805.2
Tire Inventory Over 12 Mo's (%),50212SD,0.0,0.0,0.0
Tire Inventory Over 12 Mo's (%),6009DZ,0.0,0.0,0.0
Tire Storage,5290G,0.0,0.0,0.0
Tire Storage,5290S,0.0,0.0,0.0
Tire Storage,5290U,0.0,0.0,0.0
Tires,5700G,2.0583118296945155e+17,3.182265736698152e+17,1.1876993017293192e+18
Tires,5700S,8.998025255500051e+17,1.386580485273816e+18,5.058292981474962e+18
Tires,5700U,1918199841287433.8,2918999758480877.5,1.0258199151232796e+16
Total,5000DP,0.0,0.0,0.0
Total,5000EP,0.0,0.0,0.0
Total,5000XP,0.030493827160493828,0.052192916822546453,0.20277871305649084
Total Bays Available,50004SDZ,0.0,0.0,0.0
Total Bays Available,50104SDZ,0.0,0.0,0.0
Total Bays Available,6156DZ,3085799744679786.0,528199956296540.44,2.5654512097236557
Total Bays Available,6160DZ,0.0,0.0,0.0
Total Bays Available,6161DZ,0.0,0.0,0.0
Training,8140D,1.9980970346767101e+18,1.6138454664698276e+18,1.6072846670126705e+18
Training,8141D,2.0641498292114774e+17,1.8347998481879798e+17,7756199358249188.0
Training,8142D,2.0641498292114774e+17,2.0641498292114774e+17,3252599730878691.5
Training,8143D,8.239085318295025e+17,6.547177458284109e+17,8.316647311877517e+17
Training,8144D,7.613585370049121e+17,7.613585370049121e+17,7.646111367357908e+17
Training,8145D,0.0,0.0,0.0
Travel & Entertainment,8290D,5.973107505782868e+17,6.372871472706249e+17,5.344271557812989e+17
Travel & Entertainment,8291D,2.1066838256921987e+17,2.285993810856024e+17,1.956563838113182e+17
Travel & Entertainment,8292D,1.1609279039443946e+17,1.2212538989529992e+17,9.9829791740046e+16
Travel & Entertainment ,8293D,2.592071785531019e+17,2.5242397911434634e+17,1.8164518497061002e+17
Travel & Entertainment ,8294D,9.490919214717824e+16,8.909899262791629e+16,5.729579525932464e+16
Travel & Entertainment ,8295D,0.0,0.0,0.0
UV Months Supply (Guide 1.5 months),6078DZ,3.634132118308091,3.2598680254571666,3.5677445351307586
UV Stock Turn (Guide >7) ,6079DZ,3.0922160466532906,2.2797441474536777,2.396234665284501
UV Units Sold Per NV & UV Sales Rep.,6077DZ,290231975986101.06,136497988706107.17,153455987302996.47
UV Units Sold Per NV & UV Sales Rep.,6085DZ,1.2800804116627411,1.0192643929396707,1.150963090567936
UV Units Sold Per NV & UV Sales Rep.,6093DZ,95075992133383.06,64217994686582.305,4.623371968594221
UV Units Sold Per UV Sales Rep.,6084DZ,0.3990006398926795,0.27546147829757267,0.4613314405333136
UV Units Sold Per UV Sales Rep.,6092DZ,284393976469142.6,192653984059740.88,3.730161691825368
Ups,3000ST,0.3332956889483441,0.32280870546799056,0.8067255032580708
Ups,3010ST,0.24987249929802388,0.20405080710292267,0.34279503141560247
Used Retail to Wholesale Ratio ,6081DZ,0.0,0.0,2501999792983609.0
Used Retail to Wholesale Ratio ,6089DZ,0.0,0.0,1.4842696771909762e+16
Used Retail to Wholesale Ratio ,6097DZ,0.0,0.0,6840467434017187.0
Used Vehicle Department,M17000BD,0.1892179791245615,0.17610925565411098,0.3834332529486529
Used Vehicle Department,M18000BD,1.8318391987154792,1.5803947172733093,1.5483615911172115
Used Vehicle Department,M44700XG,0.4030870150666722,0.3527035654183229,0.40003714601687546
Used Vehicles,1450D,0.26394017711745016,0.29657723024737875,0.6217816802888292
Used Vehicles,2111D,0.19637005396402665,0.19978318659326139,0.5374298010385287
Used Vehicles - Other Makes ,1495D,0.18603306321668453,0.2318322062066723,0.6282664975307004
Used Vehicles - Retail (CPO),3580G,0.018518518518518517,0.018518518518518517,0.018518518518518517
Used Vehicles - Retail (CPO),3580S,0.018518518518518517,0.018518518518518517,0.018518518518518517
Used Vehicles - Retail (CPO),3580U,0.018518518518518517,0.018518518518518517,0.018518518518518517
Used Vehicles - Retail (Non CPO),3500G,0.34630129657215053,0.3080795446158089,0.4678294039766889
Used Vehicles - Retail (Non CPO),3500S,0.29408668225522666,0.2756100247270772,0.4314419099087713
Used Vehicles - Retail (Non CPO),3500U,0.34035719535400344,0.27582519096343394,0.4223735396763455
Used Vehicles - Retail (Other Makes),3506G,3.9991964691050004e+18,3.7598662889072686e+18,1.0985864091025529e+19
Used Vehicles - Retail (Other Makes),3506S,1.322056690612539e+19,1.219293999115162e+19,6.314947397498909e+19
Used Vehicles - Retail (Other Makes),3506U,1000799917193443.5,917399924093990.0,3836399682574866.5
Used Vehicles - Retail Reconditioning (CPO),4512G,0.018518518518518517,0.018518518518518517,0.018518518518518517
Used Vehicles - Retail Reconditioning (Non CPO),4511G,0.30714457251367133,0.2688097934184252,0.5166696538595686
Used Vehicles - Retail Reconditioning (Other Makes),4513G,1.3903612849609915e+18,1.3423784889311058e+18,3.753416689440911e+18
Used Vehicles - Wholesale,3520G,0.0,0.0,0.0
Used Vehicles - Wholesale,3520S,0.0,0.0,3.752999689475413e+17
Used Vehicles - Wholesale,3520U,0.0,0.0,500399958596721.75
Used to New Retail Ratio,6080DZ,2.544763250271057,1.6997693784597052,1.6451339666756617
Used to New Retail Ratio,6088DZ,15011998757904.008,10841999102931.973,5003999585968.833
Used to New Retail Ratio,6096DZ,106751991167302.84,30023997515804.695,2.8872895446255185
Vehicle Accounts - Customers,1100AD,2.1716704556663373,1.7179944538664245,2.0276740211686723
Vehicle Accounts - Customers,1100BD,2.1716704556663373,1.7237205462784546,2.035996667856724
Vehicle Accounts - Customers,1100CD,0.0,8.339999309945363e+17,4.253399648072135e+18
Vehicle Accounts - Customers,1100D,2.1716704556663373,1.7179944538664245,2.0276740211686723
Vehicle Accounts - Customers,1100DD,0.0,8.339999309945363e+17,2.020364832834264e+18
Vehicle Accounts - Customers,1100ED,0.0,1.714370258152369e+18,3.067952146156501e+18
Vehicle Accounts - Customers,1100FD,0.0,0.0,0.0
Vehicle Lien Pay-Off,2050D,2.697647836795617e+19,2.7203743349152182e+19,4.678739612879349e+18
Volume Discount,5720G,1.4344798813106022e+18,2.1590590213586557e+18,4.35806663941195e+18
Volume Discount,5720U,0.0,0.0,0.0
WHOLESALE EXCHANGES - MMSCAN (Dlr Trades),3098G,0.0,0.0,0.0
WHOLESALE EXCHANGES - MMSCAN (Dlr Trades),3098S,0.0,0.0,0.0
WHOLESALE EXCHANGES - MMSCAN (Dlr Trades),3098U,0.0,0.0,0.0
Warranty Claim Body Shop Labour,5420G,0.0,0.0,0.0
Warranty Claim Body Shop Labour,5420S,0.0,0.0,0.0
Warranty Claim Body Shop Labour,5420U,0.0,0.0,0.0
Warranty Hours Sold,50014SD,10.634224528225687,17.450686636896766,11.039047493157966
Warranty Labour - MITSUBISHI,5040G,0.5299616578576517,0.5202096879914732,0.48189747357753787
Warranty Labour - MITSUBISHI,5040S,0.4470859343928808,0.45143168577240306,0.4184123103930602
Warranty Labour - MITSUBISHI,5040U,0.4400862516980156,0.48990774349206373,0.4765763856097278
Warranty Labour Rate,5040D,0.004873294346978557,0.007309941520467836,0.02436647173489279
Warranty Labour Rate,5041D,0.0,0.0,0.0
Warranty P&A RO,5240G,0.6271493393797524,0.5513925398161659,0.8448433255872515
Warranty P&A RO,5240S,0.7218690738151561,0.7361317895782559,1.1990579733509275
Warranty P&A RO,5240U,0.0,0.0,0.0
Warranty Pts. : Warranty Labour Sales,6004DZ,2.12628660376711,1.195136939947592,4.195108288175422
Warranty Pts. : Warranty Labour Sales,6013DZ,5.302109824330886,4.8247437704180625,4.84698291473606
Warranty Pts. : Warranty Labour Sales,6020DZ,134273988890122.64,117593990270230.94,5.001995302391782
Warranty Rec. / P.D.I. - Mitsubishi,1280AD,0.0826571632437686,0.08263087231356275,0.09648199189755588
Warranty Rec. / P.D.I. - Mitsubishi,1280BD,3.284483191832149,5.602538691775435,13.092450292716494
Warranty Rec. / P.D.I. - Mitsubishi,1280CD,9.934125199328914,61.75012084743126,3.008685590128649
Warranty Rec. / P.D.I. - Mitsubishi,1280DD,14.851846830064979,32.193709891541445,14.969806295315136
Warranty Rec. / P.D.I. - Mitsubishi,1280ED,9.04889925129072e+16,1.1780527025274824e+18,0.5414386946808247
Warranty Rec. / P.D.I. - Mitsubishi,1280FD,0.0,0.0,0.0
Warranty Receivables - Mitsubishi,1280D,0.08265861670572715,0.08263351186999425,0.09648134315392366
Warranty Receivables - Other,1285D,0.0,0.0,0.0
Wholesale Credit Line,2100CLD,0.0,0.0,0.0
Wholesale Credit Line,6058DZ,0.0,0.0,0.0
Wholesale P&A,5330G,0.5988377486223861,0.6330614429649611,0.8281140767686903
Wholesale P&A,5330S,0.6093628322015742,0.6269150269820724,0.9096888120449828
Wholesale P&A,5330U,0.37282240125235294,0.3617058297311921,0.46948105035061555
Work in Process - Body Shop Labour,1552D,0.0,0.0,0.0
Work in Process - Mechanical Labour,1551D,0.4656743674624221,0.37878349564722535,1.2896521639708436
Writes,3002ST,0.35441999994512646,0.35613519615178224,0.688599428170305
Writes,3012ST,0.2945433530027791,0.25768699826329255,0.7176122790389187
